sample_id,timestamp,text,score,auto_label,label,needs_review,text_length,word_count_raw,panel_id,bbox_x,bbox_y,bbox_width,bbox_height,feature_alphabet_ratio,feature_aspect_ratio,feature_bbox_area,feature_dictionary_ratio,feature_ocr_noise,feature_punctuation,feature_raw_alpha_ratio,feature_raw_aspect_ratio,feature_raw_bbox_area,feature_raw_density,feature_raw_dict_ratio,feature_raw_freq_score,feature_raw_has_any_punct,feature_raw_has_punctuation,feature_raw_noise,feature_raw_trigram,feature_raw_word_count,feature_text_density,feature_trigram_score,feature_word_count,feature_word_frequency,image_width,image_height,threshold_used
0,2026-09-28T10:13:13.274009,GLANCE,0.437,background,background,False,6,1,0,0,0,322,191,1.0,0.7,0.6,0.0,1.0,0.2,1.0,1.6858638743455496,61502,9.755780299827648e-05,0.0,0.5,False,False,0.0,1.0,1,0.6,0.2,0.5,0.1,800,1280,0.6
1,2026-09-28T10:13:13.274527,CIEL REALLY IS HERE ... !,0.7161,dialogue,dialogue,False,25,6,1,0,0,214,77,1.0,1.0,1.0,0.7,1.0,1.0,0.9411764705882353,2.779220779220779,16478,0.001517174414370676,0.75,0.5,True,True,0.0,1.1500000000000001,6,0.5,0.23000000000000004,1.0,0.1,800,1280,0.6
2,2026-09-28T10:13:13.274851,"HOW'S YOUR INJURY , KARDICIEL ?",0.7064,dialogue,dialogue,False,31,6,2,0,0,176,96,1.0,0.7,1.0,0.7,1.0,1.0,0.8846153846153846,1.8333333333333333,16896,0.001834753787878788,0.5,0.95,True,True,0.0,0.5619047619047619,6,0.5,0.11238095238095239,1.0,0.19,800,1280,0.6
3,2026-09-28T10:13:13.275103,FIDGET AWKWARD,0.5012,,background,False,14,2,3,0,0,268,86,1.0,1.0,1.0,0.0,1.0,0.2,1.0,3.116279069767442,23048,0.0006074279763970844,0.0,0.5,False,False,0.0,0.3,2,1.0,0.06,0.6,0.1,800,1280,0.6
4,2026-09-28T10:13:13.275548,0,0.1525,background,background,False,1,1,4,0,0,7,7,0.0,0.7,0.2,0.0,0.91,0.2,0.0,1.0,49,0.02040816326530612,0.0,0.5,False,False,0.09,0.3,1,0.0,0.06,0.5,0.1,800,1280,0.6
5,2026-09-28T10:13:13.275739,IT'S FINE . I WASN'T HURT THAT BADLY .,0.7485,dialogue,dialogue,False,38,9,4,0,0,196,96,1.0,1.0,1.0,0.7,1.0,1.0,0.8666666666666667,2.0416666666666665,18816,0.0020195578231292518,0.7142857142857143,1.8,True,True,0.0,0.6749999999999999,9,0.5,0.13499999999999998,1.0,0.36,800,1280,0.6
6,2026-09-28T10:13:13.275848,TURN,0.5892,,background,False,4,1,4,0,0,151,91,1.0,0.7,1.0,1.0,1.0,0.2,1.0,1.6593406593406594,13741,0.0002910996288479732,1.0,0.5,False,False,0.0,0.3,1,0.6,0.06,0.5,0.1,800,1280,0.6
7,2026-09-28T10:13:13.276052,HMPH,0.4672,,dialogue,False,4,1,5,0,0,88,48,1.0,0.7,0.6,0.0,1.0,0.2,1.0,1.8333333333333333,4224,0.000946969696969697,0.0,0.5,False,False,0.0,0.3,1,1.0,0.06,0.5,0.1,800,1280,0.6
8,2026-09-28T10:13:13.276527,HE PUT MEDICINE ON IT ! WHAT A GOOD BOY . BEAM,0.7349,dialogue,dialogue,False,46,12,7,0,0,456,229,1.0,0.7,0.6,0.7,1.0,0.6,0.9428571428571428,1.9912663755458515,104424,0.0004405117597487168,0.7,2.35,True,False,0.0,0.49032258064516127,12,0.6,0.09806451612903225,1.0,0.8,800,1280,0.6
9,2026-09-28T10:13:13.277598,"THEY SAID HE CAME TO THE GARDENS EARLY , BUT HE HASN'T TOUCHED A SINGLE DESSERT .",0.7917,dialogue,dialogue,False,81,17,8,0,0,280,171,1.0,0.7,1.0,0.7,1.0,1.0,0.9538461538461539,1.6374269005847952,47880,0.0016917293233082707,0.6,2.1866666666666665,True,True,0.0,0.6183333333333334,17,0.5,0.12366666666666667,0.9,0.8,800,1280,0.6
10,2026-09-28T10:13:13.278166,"WHOA , HANG ON !",0.7087,dialogue,dialogue,False,16,5,9,0,0,121,58,1.0,1.0,0.6,0.7,1.0,1.0,0.8333333333333334,2.086206896551724,7018,0.002279851809632374,0.6666666666666666,1.6333333333333335,True,True,0.0,0.3,5,0.5,0.06,0.75,0.3266666666666667,800,1280,0.6
11,2026-09-28T10:13:13.278315,BARBUMP BA - BUMP,0.5567,,background,False,17,4,9,0,0,180,109,1.0,0.7,1.0,0.0,1.0,0.6,1.0,1.651376146788991,19620,0.0008664627930682977,0.0,0.5,True,False,0.0,0.3,4,1.0,0.06,0.75,0.1,800,1280,0.6
12,2026-09-28T10:13:13.278504,"KARDICIEL ,",0.4842,,dialogue,False,11,2,9,0,0,135,23,1.0,0.7,0.6,0.0,1.0,0.6,0.9,5.869565217391305,3105,0.003542673107890499,0.0,0.5,True,False,0.0,0.3,2,0.5,0.06,0.6,0.1,800,1280,0.6
13,2026-09-28T10:13:13.278894,WERE YOU WAITING FOR ME ?,0.8506,dialogue,dialogue,False,25,6,10,0,0,171,91,1.0,0.7,1.0,1.0,1.0,1.0,0.95,1.879120879120879,15561,0.001606580553948975,0.8,2.2800000000000002,True,True,0.0,1.1176470588235294,6,0.5,0.2235294117647059,1.0,0.8,800,1280,0.6
14,2026-09-28T10:13:13.279202,GLARE,0.4913,,background,False,5,1,11,0,0,128,77,1.0,0.7,1.0,0.0,1.0,0.2,1.0,1.6623376623376624,9856,0.0005073051948051948,0.0,0.5,False,False,0.0,1.1666666666666667,1,1.0,0.23333333333333334,0.5,0.1,800,1280,0.6
15,2026-09-28T10:13:13.279384,I'D NEVER DO THAT .,0.7947,dialogue,dialogue,False,19,5,11,0,0,127,60,1.0,1.0,0.6,0.7,1.0,1.0,0.8666666666666667,2.1166666666666667,7620,0.0024934383202099737,0.75,2.25,True,True,0.0,1.3727272727272728,5,0.5,0.27454545454545454,0.75,0.8,800,1280,0.6
16,2026-09-28T10:13:13.279753,I THOUGHT YOU WOULDN'T BE HERE .,0.8664,dialogue,dialogue,False,32,7,12,0,0,200,98,1.0,1.0,1.0,1.0,1.0,1.0,0.9230769230769231,2.0408163265306123,19600,0.0016326530612244899,0.8333333333333334,2.3833333333333333,True,True,0.0,1.1727272727272728,7,0.5,0.23454545454545456,1.0,0.8,800,1280,0.6
17,2026-09-28T10:13:13.280108,I COME TO THE GARDEN OFTEN .,0.8641,dialogue,dialogue,False,28,7,13,0,0,211,99,1.0,1.0,1.0,0.7,1.0,1.0,0.9545454545454546,2.1313131313131315,20889,0.0013404184020297763,0.6666666666666666,2.8333333333333335,True,True,0.0,0.6473684210526316,7,1.0,0.12947368421052632,1.0,0.8,800,1280,0.6
18,2026-09-28T10:13:13.280316,FWIP,0.4392,background,background,False,4,1,14,0,0,134,86,1.0,0.7,1.0,0.0,1.0,0.2,1.0,1.558139534883721,11524,0.0003471017007983339,0.0,0.5,False,False,0.0,0.3,1,0.6,0.06,0.5,0.1,800,1280,0.6
19,2026-09-28T10:13:13.281179,I DON'T HAVE TO GIVE UP MY SPECIAL SPOT JUST BECAUSE SOMEONE ELSE IS HERE .,0.7743,dialogue,dialogue,False,75,16,15,0,0,238,211,1.0,0.7,1.0,0.7,1.0,1.0,0.9666666666666667,1.127962085308057,50218,0.0014934883906169102,0.7333333333333333,1.7266666666666666,True,True,0.0,0.6821428571428572,16,1.0,0.13642857142857143,0.9,0.3453333333333333,800,1280,0.6
20,2026-09-28T10:13:13.281308,THEN CAN I SIT WITH YOU ?,0.8525,dialogue,dialogue,False,25,7,15,0,0,134,96,1.0,0.7,1.0,1.0,1.0,1.0,0.9473684210526315,1.3958333333333333,12864,0.001943407960199005,1.0,2.85,True,True,0.0,1.25,7,0.5,0.25,1.0,0.8,800,1280,0.6
21,2026-09-28T10:13:13.281551,SMILE,0.5892,,background,False,5,1,16,0,0,141,109,1.0,0.7,1.0,1.0,1.0,0.2,1.0,1.2935779816513762,15369,0.00032533021016331576,1.0,0.5,False,False,0.0,0.3,1,0.6,0.06,0.5,0.1,800,1280,0.6
22,2026-09-28T10:13:13.281686,ANNOYED NO .,0.7102,dialogue,dialogue,False,12,3,16,0,0,307,171,1.0,0.7,1.0,0.7,1.0,1.0,0.9,1.7953216374269005,52497,0.0002285844905423167,0.5,1.45,True,True,0.0,0.3,3,0.6,0.06,0.75,0.29,800,1280,0.6
23,2026-09-28T10:13:13.282177,"HE STILL HAS HIS GUARD UP ,",0.7715,dialogue,dialogue,False,27,7,17,0,0,192,97,1.0,0.7,1.0,1.0,1.0,0.6,0.9523809523809523,1.9793814432989691,18624,0.0014497422680412372,0.8333333333333334,1.9333333333333333,True,False,0.0,0.6055555555555556,7,1.0,0.12111111111111113,1.0,0.38666666666666666,800,1280,0.6
24,2026-09-28T10:13:13.282335,BUT AT LEAST HE ISN'T TELLING ME TO LEAVE .,0.7991,dialogue,dialogue,False,43,10,17,0,0,197,133,1.0,0.7,1.0,0.7,1.0,1.0,0.9411764705882353,1.481203007518797,26201,0.0016411587343994503,0.7777777777777778,2.2666666666666666,True,True,0.0,0.65,10,0.5,0.13,1.0,0.8,800,1280,0.6
25,2026-09-28T10:13:13.282795,THEN COULD I STAND OFF TO THE SIDE AND WATCH OVER YOU ?,0.8478,dialogue,dialogue,False,55,13,18,0,0,256,135,1.0,0.7,1.0,1.0,1.0,1.0,0.9767441860465116,1.8962962962962964,34560,0.001591435185185185,0.9166666666666666,2.566666666666667,True,True,0.0,0.915,13,0.5,0.183,1.0,0.8,800,1280,0.6
26,2026-09-28T10:13:13.282969,BLUSH,0.4272,background,background,False,5,1,19,0,0,417,259,1.0,0.7,0.6,0.0,1.0,0.2,1.0,1.61003861003861,108003,4.62950103237873e-05,0.0,0.5,False,False,0.0,0.3,1,0.6,0.06,0.5,0.1,800,1280,0.6
27,2026-09-28T10:13:13.283204,POKE,0.4672,,background,False,4,1,20,0,0,74,45,1.0,0.7,0.6,0.0,1.0,0.2,1.0,1.6444444444444444,3330,0.0012012012012012011,0.0,0.5,False,False,0.0,0.3,1,1.0,0.06,0.5,0.1,800,1280,0.6
28,2026-09-28T10:13:13.283322,THAT'S FINE ...,0.7179,dialogue,dialogue,False,15,3,20,0,0,91,60,1.0,0.7,0.6,1.0,1.0,1.0,0.9,1.5166666666666666,5460,0.0027472527472527475,1.0,0.5,True,True,0.0,1.2428571428571427,3,0.5,0.24857142857142853,0.75,0.1,800,1280,0.6
29,2026-09-28T10:13:13.283577,OH ! THANK YOU !,0.8031,dialogue,dialogue,False,16,5,21,0,0,138,60,1.0,1.0,1.0,0.7,1.0,1.0,0.8333333333333334,2.3,8280,0.001932367149758454,0.6666666666666666,2.2666666666666666,True,True,0.0,1.1125,5,0.5,0.2225,0.75,0.8,800,1280,0.6
30,2026-09-28T10:13:13.283671,FAM,0.4542,,background,False,3,1,21,0,0,280,133,1.0,1.0,1.0,0.0,1.0,0.2,1.0,2.1052631578947367,37240,8.055853920515574e-05,0.0,0.5,False,False,0.0,0.3,1,0.6,0.06,0.5,0.1,800,1280,0.6
31,2026-09-28T10:13:13.283997,I'LL MAKE SURE NOT TO BOTHER YOU .,0.8488,dialogue,dialogue,False,34,8,22,0,0,179,100,1.0,0.7,1.0,1.0,1.0,1.0,0.9259259259259259,1.79,17900,0.001899441340782123,0.8571428571428571,2.557142857142857,True,True,0.0,0.982608695652174,8,0.5,0.1965217391304348,1.0,0.8,800,1280,0.6
32,2026-09-28T10:13:13.284286,HE'S FINALLY EATING .,0.6336,,dialogue,False,21,4,23,0,0,107,96,1.0,0.7,1.0,0.4,1.0,1.0,0.8888888888888888,1.1145833333333333,10272,0.0020443925233644858,0.3333333333333333,0.5,True,True,0.0,0.7928571428571428,4,0.5,0.15857142857142856,0.75,0.1,800,1280,0.6
33,2026-09-28T10:13:13.284416,BA - BUMP,0.4977,,background,False,9,3,23,0,0,87,27,1.0,1.0,0.2,0.0,1.0,0.6,1.0,3.2222222222222223,2349,0.0038314176245210726,0.0,0.5,True,False,0.0,0.3,3,0.5,0.06,0.75,0.1,800,1280,0.6
34,2026-09-28T10:13:13.284784,BA - BUMP,0.4977,,background,False,9,3,24,0,0,87,28,1.0,1.0,0.2,0.0,1.0,0.6,1.0,3.107142857142857,2436,0.003694581280788177,0.0,0.5,True,False,0.0,0.3,3,0.5,0.06,0.75,0.1,800,1280,0.6
35,2026-09-28T10:13:13.284888,NOM,0.4052,background,background,False,3,1,24,0,0,35,21,1.0,0.7,0.2,0.0,1.0,0.2,1.0,1.6666666666666667,735,0.004081632653061225,0.0,0.5,False,False,0.0,0.3,1,0.5,0.06,0.5,0.1,800,1280,0.6
36,2026-09-28T10:13:13.285046,KIDS REALLY CAN'T HIDE HOW THEY FEEL .,0.7656,dialogue,dialogue,False,38,8,24,0,0,213,133,1.0,0.7,1.0,0.7,1.0,1.0,0.9354838709677419,1.6015037593984962,28329,0.0013413816230717639,0.7142857142857143,1.1285714285714286,True,True,0.0,0.8407407407407407,8,1.0,0.16814814814814813,1.0,0.2257142857142857,800,1280,0.6
37,2026-09-28T10:13:13.285399,Be,0.7242,dialogue,background,False,2,1,25,0,0,171,132,1.0,0.7,1.0,1.0,1.0,0.2,1.0,1.2954545454545454,22572,8.86053517632465e-05,1.0,4.8,False,False,0.0,0.3,1,0.6,0.06,0.5,1.0,800,1280,0.6
38,2026-09-28T10:13:13.285593,"EEEK , KARDICIEL , YOU'RE EVEN MORE ADORABLE THAN USUAL TODAY !!!",0.6967,,dialogue,False,65,12,25,0,0,378,198,1.0,0.7,0.6,0.4,1.0,1.0,0.9215686274509803,1.9090909090909092,74844,0.0008684730906953129,0.4444444444444444,0.8444444444444444,True,True,0.0,0.6,12,1.0,0.12,1.0,0.1688888888888889,800,1280,0.6
39,2026-09-28T10:13:13.285762,SQUEAL,0.4272,background,background,False,6,1,26,0,0,367,276,1.0,0.7,0.6,0.0,1.0,0.2,1.0,1.3297101449275361,101292,5.923468783319512e-05,0.0,0.5,False,False,0.0,0.3,1,0.6,0.06,0.5,0.1,800,1280,0.6
40,2026-09-28T10:13:13.286419,I Won't Let My Son Become the Evil Maje Lead !,0.7324,dialogue,background,False,46,11,27,0,0,613,273,1.0,1.0,0.4,0.7,1.0,1.0,0.9444444444444444,2.2454212454212454,167349,0.0002748746631291493,0.7,1.58,True,True,0.0,0.571875,11,0.6,0.114375,1.0,0.316,800,1280,0.6
41,2026-09-28T10:13:13.286582,Story / Art Team Coconut Original story peril,0.4134,background,background,False,45,8,27,0,0,349,17,1.0,0.3,0.6,0.0,1.0,0.2,1.0,20.529411764705884,5933,0.007584695769425249,0.0,0.5,False,False,0.0,0.38571428571428573,8,0.3,0.07714285714285715,1.0,0.1,800,1280,0.6
42,2026-09-28T10:13:13.286683,13,0.1825,background,background,False,2,1,27,0,0,19,27,0.0,0.3,0.2,0.0,0.91,0.2,0.0,0.7037037037037037,513,0.003898635477582846,0.0,0.5,False,False,0.09,0.3,1,0.5,0.06,0.5,0.1,800,1280,0.6
43,2026-09-28T10:13:13.286913,ONE WEEK LATER,0.5472,,dialogue,False,14,3,28,0,0,138,57,1.0,1.0,0.6,0.4,1.0,0.2,1.0,2.4210526315789473,7866,0.001779811848461734,0.3333333333333333,1.3333333333333333,False,False,0.0,1.19,3,0.5,0.238,0.75,0.26666666666666666,800,1280,0.6
44,2026-09-28T10:13:13.287680,SIGH,0.6172,,background,False,4,1,29,0,0,78,43,1.0,0.7,0.6,1.0,1.0,0.2,1.0,1.813953488372093,3354,0.0011926058437686344,1.0,0.5,False,False,0.0,0.3,1,1.0,0.06,0.5,0.1,800,1280,0.6
45,2026-09-28T10:13:13.287767,I,0.6902,,dialogue,False,1,1,29,0,0,21,20,1.0,0.7,0.2,1.0,1.0,0.2,1.0,1.05,420,0.002380952380952381,1.0,4.2,False,False,0.0,0.3,1,0.5,0.06,0.5,1.0,800,1280,0.6
46,2026-09-28T10:13:13.287878,PLANS TEN TP P,0.4321,background,background,False,14,4,29,0,0,94,95,1.0,0.3,1.0,0.0,1.0,0.2,1.0,0.9894736842105263,8930,0.0015677491601343784,0.0,0.5,False,False,0.0,0.6888888888888888,4,0.5,0.13777777777777775,0.75,0.1,800,1280,0.6
47,2026-09-28T10:13:13.288123,"I DIDN'T THINK SERIEL HAD AN ACTIVE SOCIAL LIFE , BUT THE INVITATIONS JUST KEEP COMING .",0.7235,dialogue,dialogue,False,88,17,29,0,0,318,172,1.0,0.7,1.0,0.7,1.0,1.0,0.9583333333333334,1.8488372093023255,54696,0.0016088927892350445,0.6666666666666666,1.66,True,True,0.0,0.7626865671641792,17,0.5,0.15253731343283583,0.9,0.33199999999999996,800,1280,0.6
48,2026-09-28T10:13:13.288874,THERE'S NO REASON TO BOTHER GOING TO ANY OF THESE .,0.7453,dialogue,dialogue,False,51,11,30,0,0,188,171,1.0,0.7,1.0,0.7,1.0,1.0,0.9512195121951219,1.0994152046783625,32148,0.0015864128406121688,0.7,1.94,True,True,0.0,1.2216216216216218,11,0.5,0.24432432432432435,1.0,0.388,800,1280,0.6
49,2026-09-28T10:13:13.288996,COPYING AND PASTING POLITE REJECTIONS .,0.6462,,dialogue,False,39,6,30,0,0,209,98,1.0,1.0,1.0,0.06,1.0,1.0,0.9705882352941176,2.13265306122449,20482,0.0019041109266673176,0.2,1.3,True,True,0.0,1.2967741935483872,6,0.5,0.25935483870967746,1.0,0.26,800,1280,0.6
50,2026-09-28T10:13:13.289094,SWOOSH WHOOSH SCRIBBLE,0.5197,,background,False,22,3,30,0,0,555,237,1.0,1.0,0.6,0.4,1.0,0.2,1.0,2.3417721518987342,131535,0.0001672558634583951,0.3333333333333333,0.5,False,False,0.0,0.3,3,0.6,0.06,0.75,0.1,800,1280,0.6
51,2026-09-28T10:13:13.289188,RUSTLE,0.4792,,background,False,6,1,30,0,0,126,66,1.0,0.7,1.0,0.0,1.0,0.2,1.0,1.9090909090909092,8316,0.0007215007215007215,0.0,0.5,False,False,0.0,0.3,1,1.0,0.06,0.5,0.1,800,1280,0.6
52,2026-09-28T10:13:13.289273,RUSTLE,0.4672,,background,False,6,1,30,0,0,96,52,1.0,0.7,0.6,0.0,1.0,0.2,1.0,1.8461538461538463,4992,0.001201923076923077,0.0,0.5,False,False,0.0,0.3,1,1.0,0.06,0.5,0.1,800,1280,0.6
53,2026-09-28T10:13:13.289861,I DON'T HAVE THE TIME TO GO . I'M WAY TOO BUSY LOOKING AT HOW CUTE KARDICIEL IS .,0.7911,dialogue,dialogue,False,81,19,31,0,0,246,208,1.0,0.7,1.0,0.7,1.0,1.0,0.9365079365079365,1.1826923076923077,51168,0.0015830206378986867,0.7647058823529411,2.0470588235294116,True,True,0.0,0.5771929824561404,19,0.5,0.11543859649122808,0.9,0.8,800,1280,0.6
54,2026-09-28T10:13:13.290453,"I JUST NEED TO WRITE ONE MORE REPLY , AND I'LL FINALLY BE DONE .",0.8003,dialogue,dialogue,False,64,15,32,0,0,235,172,1.0,0.7,1.0,0.7,1.0,1.0,0.94,1.3662790697674418,40420,0.0015833745670460167,0.6923076923076923,2.0846153846153848,True,True,0.0,0.7355555555555556,15,0.5,0.14711111111111114,1.0,0.8,800,1280,0.6
55,2026-09-28T10:13:13.290539,STRETCH,0.4822,,background,False,7,1,32,0,0,108,52,1.0,1.0,0.6,0.0,1.0,0.2,1.0,2.076923076923077,5616,0.0012464387464387464,0.0,0.5,False,False,0.0,0.3,1,1.0,0.06,0.5,0.1,800,1280,0.6
56,2026-09-28T10:13:13.290661,"YOU'VE BEEN WORKING HARD , YOUR",0.6631,,dialogue,False,31,6,32,0,0,197,96,1.0,1.0,1.0,0.7,1.0,0.6,0.9230769230769231,2.0520833333333335,18912,0.00163917089678511,0.6,0.86,True,False,0.0,0.8772727272727273,6,0.5,0.17545454545454547,1.0,0.172,800,1280,0.6
57,2026-09-28T10:13:13.290958,GRACE .,0.5472,,dialogue,False,7,2,33,0,0,94,23,1.0,1.0,0.2,0.0,1.0,1.0,0.8333333333333334,4.086956521739131,2162,0.0032377428307123032,0.0,0.5,True,True,0.0,0.3,2,0.5,0.06,0.6,0.1,800,1280,0.6
58,2026-09-28T10:13:13.291098,"COULD I ASK YOU SOMETHING , YOUR GRACE ?",0.8553,dialogue,dialogue,False,40,9,33,0,0,245,134,1.0,0.7,1.0,0.7,1.0,1.0,0.9375,1.828358208955224,32830,0.0012183978068839476,0.5714285714285714,2.0142857142857142,True,True,0.0,1.0964285714285713,9,1.0,0.21928571428571425,1.0,0.8,800,1280,0.6
59,2026-09-28T10:13:13.291290,GO AHEAD .,0.6812,,dialogue,False,10,3,34,0,0,145,23,1.0,0.5,0.6,0.7,1.0,1.0,0.875,6.304347826086956,3335,0.0029985007496251873,0.5,1.55,True,True,0.0,0.3,3,0.5,0.06,0.75,0.31,800,1280,0.6
60,2026-09-28T10:13:13.291635,UM !,0.8722,dialogue,dialogue,False,4,2,35,0,0,76,40,0.8,0.7,0.2,1.0,1.0,2.0,0.6666666666666666,1.9,3040,0.0013157894736842105,1.0,1.5,True,True,0.0,0.3,2,1.0,0.06,0.6,0.3,800,1280,0.6
61,2026-09-28T10:13:13.291803,"YOU'VE BEEN GETTING CLOSER TO LORD KARDICIEL RECENTLY , HAVEN'T YOU ?",0.7664,dialogue,dialogue,False,69,12,35,0,0,275,175,1.0,0.7,1.0,0.7,1.0,1.0,0.9310344827586207,1.5714285714285714,48125,0.0014337662337662337,0.5,1.25,True,True,0.0,0.6346153846153846,12,1.0,0.12692307692307692,1.0,0.25,800,1280,0.6
62,2026-09-28T10:13:13.293192,I BELIEVE SO . WHY DO YOU ASK ?,0.8433,dialogue,dialogue,False,31,9,36,0,0,163,99,1.0,0.7,1.0,1.0,1.0,1.0,0.9130434782608695,1.6464646464646464,16137,0.0019210510008056021,0.8571428571428571,2.2857142857142856,True,True,0.0,0.5894736842105263,9,0.5,0.11789473684210525,1.0,0.8,800,1280,0.6
63,2026-09-28T10:13:13.293297,"WELL , YOUR DIARY ...",0.7286,dialogue,dialogue,False,21,5,36,0,0,156,62,1.0,1.0,1.0,0.7,1.0,1.0,0.9285714285714286,2.5161290322580645,9672,0.0021712158808933004,0.6666666666666666,1.5666666666666664,True,True,0.0,1.009090909090909,5,0.5,0.2018181818181818,0.75,0.3133333333333333,800,1280,0.6
64,2026-09-28T10:13:13.293660,FIDGET,0.4822,,background,False,6,1,37,0,0,109,53,1.0,1.0,0.6,0.0,1.0,0.2,1.0,2.056603773584906,5777,0.0010386013501817552,0.0,0.5,False,False,0.0,0.3,1,1.0,0.06,0.5,0.1,800,1280,0.6
65,2026-09-28T10:13:13.293843,SQUIRM IT JUST SEEMS AS THOUGH YOU DON'T LIKE HIS LORDSHIP VERY MUCH ...,0.7852,dialogue,dialogue,False,72,14,37,0,0,492,231,1.0,1.0,0.6,0.7,1.0,1.0,0.9821428571428571,2.1298701298701297,113652,0.0006335128286347799,0.6923076923076923,1.8153846153846152,True,True,0.0,0.5547169811320755,14,1.0,0.1109433962264151,1.0,0.363076923076923,800,1280,0.6
66,2026-09-28T10:13:13.294086,THAT CAN'T BE RIGHT !,0.8491,dialogue,dialogue,False,21,5,38,0,0,150,61,1.0,1.0,1.0,1.0,1.0,1.0,0.8823529411764706,2.459016393442623,9150,0.0022950819672131148,1.0,2.525,True,True,0.0,1.1846153846153846,5,0.5,0.23692307692307693,0.75,0.8,800,1280,0.6
67,2026-09-28T10:13:13.294172,HUN ?,0.7162,dialogue,dialogue,False,5,2,38,0,0,143,93,1.0,0.7,1.0,0.0,1.0,2.0,0.75,1.5376344086021505,13299,0.0003759681179036018,0.0,0.5,True,True,0.0,0.3,2,0.6,0.06,0.6,0.1,800,1280,0.6
68,2026-09-28T10:13:13.295046,your It lovely seems I'm a gracious honored like o invitation it occasion will by be . .,0.7517,dialogue,dialogue,False,88,18,39,0,0,73,153,1.0,0.3,1.0,0.7,1.0,1.0,0.9577464788732394,0.477124183006536,11169,0.0078789506670248,0.5625,2.05625,True,True,0.0,0.6227272727272728,18,0.3,0.12454545454545456,0.9,0.8,800,1280,0.6
69,2026-09-28T10:13:13.295178,I ONLY WROTE DOWN KARDICIEL'S CUTEST MOMENTS !,0.722,dialogue,dialogue,False,46,8,39,0,0,264,135,1.0,0.7,1.0,0.4,1.0,1.0,0.9487179487179487,1.9555555555555555,35640,0.0012906846240179574,0.42857142857142855,1.2571428571428573,True,True,0.0,0.6599999999999999,8,1.0,0.13199999999999998,1.0,0.25142857142857145,800,1280,0.6
70,2026-09-28T10:13:13.295750,"! ANYWAY I'VE REPLIED TO THE MOST IMPORTANT ONES , SO PLEASE DELIVER THEM .",0.7697,dialogue,dialogue,False,75,15,40,0,0,373,292,1.0,0.7,0.6,0.7,1.0,1.0,0.95,1.2773972602739727,108916,0.0006886040618458261,0.5833333333333334,1.6833333333333333,True,True,0.0,0.7981818181818181,15,1.0,0.15963636363636363,1.0,0.33666666666666667,800,1280,0.6
71,2026-09-28T10:13:13.295849,"YES , YOUR GRACE .",0.7294,dialogue,dialogue,False,18,5,40,0,0,142,60,1.0,1.0,1.0,0.7,1.0,1.0,0.8571428571428571,2.3666666666666667,8520,0.002112676056338028,0.6666666666666666,1.6666666666666667,True,True,0.0,0.85,5,0.5,0.16999999999999998,0.75,0.33333333333333337,800,1280,0.6
72,2026-09-28T10:13:13.296132,WHAT SHOULD I WRITE IN MY DIARY TODAY ?,0.8483,dialogue,dialogue,False,39,9,41,0,0,216,133,1.0,0.7,1.0,0.7,1.0,1.0,0.967741935483871,1.6240601503759398,28728,0.0013575605680868838,0.75,2.075,True,True,0.0,0.5928571428571429,9,1.0,0.11857142857142858,1.0,0.8,800,1280,0.6
73,2026-09-28T10:13:13.296321,GRIN &,0.7121,dialogue,background,False,6,2,42,0,0,193,136,1.0,0.7,1.0,1.0,1.0,0.2,1.0,1.4191176470588236,26248,0.00022858884486437063,1.0,2.5,False,False,0.0,1.08,2,0.6,0.21600000000000003,0.6,0.8,800,1280,0.6
74,2026-09-28T10:13:13.296399,WAY,0.6342,,dialogue,False,3,1,42,0,0,439,204,1.0,1.0,0.6,1.0,1.0,0.2,1.0,2.1519607843137254,89556,3.349859305909152e-05,1.0,1.9,False,False,0.0,0.3,1,0.6,0.06,0.5,0.38,800,1280,0.6
75,2026-09-28T10:13:13.297505,"HMM , I REALLY ONLY WROTE DOWN KARDICIEL'S CUTEST MOMENTS . I WONDER WHY DAISY SAID THAT .",0.7644,dialogue,dialogue,False,90,18,43,0,0,289,212,1.0,0.7,1.0,0.7,1.0,1.0,0.9452054794520548,1.3632075471698113,61268,0.0014689560618920154,0.5333333333333333,1.4133333333333333,True,True,0.0,0.6432835820895523,18,1.0,0.12865671641791046,0.9,0.2826666666666667,800,1280,0.6
76,2026-09-28T10:13:13.297574,0,0.1825,background,background,False,1,1,43,0,0,12,11,0.0,0.7,0.2,0.0,0.91,0.2,0.0,1.0909090909090908,132,0.007575757575757576,0.0,0.5,False,False,0.09,0.3,1,0.3,0.06,0.5,0.1,800,1280,0.6
77,2026-09-28T10:13:13.297738,"I When closer to at stand scowls to . try , he adorable Kardiciel me . It's",0.7782,dialogue,dialogue,False,75,17,43,0,0,292,196,1.0,0.7,1.0,0.7,1.0,0.6,0.9322033898305084,1.489795918367347,57232,0.001310455689124965,0.7142857142857143,2.2357142857142858,True,False,0.0,0.3735849056603774,17,1.0,0.07471698113207548,0.9,0.8,800,1280,0.6
78,2026-09-28T10:13:13.298723,"to Kardiciel When adorable I he try ignores to talk me . , That's too .",0.8549,dialogue,dialogue,False,71,16,44,0,0,369,139,1.0,1.0,1.0,0.7,1.0,1.0,0.9285714285714286,2.6546762589928057,51291,0.0013842584469010157,0.7692307692307693,2.0,True,True,0.0,0.49199999999999994,16,1.0,0.09839999999999999,0.9,0.8,800,1280,0.6
79,2026-09-28T10:13:13.298879,"I greeted in the him once he actually gardens , and nodded So cute in reply !!! !",0.8293,dialogue,dialogue,False,81,18,44,0,0,320,207,1.0,0.7,0.6,0.7,1.0,1.0,0.9516129032258065,1.5458937198067633,66240,0.0012228260869565218,0.5333333333333333,2.3333333333333335,True,True,0.0,0.5894736842105264,18,1.0,0.11789473684210527,0.9,0.8,800,1280,0.6
80,2026-09-28T10:13:13.299877,"He refused but all the the other gifts , that really servants claim the bear one . He he of even my replied likes . to letters He's honestly so adorable !",0.8251,dialogue,dialogue,False,154,32,45,0,0,327,315,1.0,0.7,0.6,0.7,1.0,1.0,0.959349593495935,1.0380952380952382,103005,0.0014950730547060823,0.6071428571428571,2.3428571428571425,True,True,0.0,0.7922413793103449,32,1.0,0.15844827586206897,0.8,0.8,800,1280,0.6
81,2026-09-28T10:13:13.300211,GOODNESS . HER GRACE IS PRACTICALLY OBSESSED WITH HIS LORDSHIP .,0.68,,dialogue,False,64,11,47,0,0,205,171,1.0,0.7,1.0,0.4,1.0,1.0,0.9629629629629629,1.1988304093567252,35055,0.0018257024675509912,0.4444444444444444,1.511111111111111,True,True,0.0,0.6940000000000001,11,0.5,0.1388,1.0,0.3022222222222222,800,1280,0.6
82,2026-09-28T10:13:13.300288,BEAM GRIN,0.5662,,background,False,9,2,47,0,0,211,104,1.0,1.0,1.0,0.7,1.0,0.2,1.0,2.0288461538461537,21944,0.00041013488880787456,0.5,0.5,False,False,0.0,0.3,2,0.6,0.06,0.6,0.1,800,1280,0.6
83,2026-09-28T10:13:13.300752,"IF THEY'RE ALL CUTE AND NICE THINGS , WHY DON'T YOU SHOW IT TO HIS LORDSHIP ?",0.8468,dialogue,dialogue,False,77,17,48,0,0,326,173,1.0,0.7,1.0,0.7,1.0,1.0,0.9344262295081968,1.884393063583815,56398,0.001365296641724884,0.7333333333333333,2.02,True,True,0.0,0.989090909090909,17,1.0,0.1978181818181818,0.9,0.8,800,1280,0.6
84,2026-09-28T10:13:13.300818,5,0.2165,background,background,False,1,1,48,0,0,92,100,0.0,0.3,1.0,0.0,0.91,0.2,0.0,0.92,9200,0.00010869565217391305,0.0,0.5,False,False,0.09,0.3,1,0.6,0.06,0.5,0.1,800,1280,0.6
85,2026-09-28T10:13:13.301006,SHE'LL PROBABLY SAY NO ...,0.7762,dialogue,dialogue,False,26,5,49,0,0,190,95,1.0,1.0,1.0,0.7,1.0,1.0,0.9473684210526315,2.0,18050,0.0014404432132963988,0.5,1.6749999999999998,True,True,0.0,0.60625,5,1.0,0.12125,0.75,0.33499999999999996,800,1280,0.6
86,2026-09-28T10:13:13.301164,PAUSE,0.4495,background,background,False,5,1,50,0,0,157,129,1.0,0.7,1.0,0.0,1.0,0.2,1.0,1.2170542635658914,20253,0.0002468770058756727,0.0,0.5,False,False,0.0,1.0333333333333334,1,0.6,0.2066666666666667,0.5,0.1,800,1280,0.6
87,2026-09-28T10:13:13.301243,T - TO ...,0.7327,dialogue,dialogue,False,10,4,50,0,0,92,19,1.0,1.0,0.2,0.7,0.5,1.0,1.0,4.842105263157895,1748,0.005720823798627002,0.5,2.6,True,True,0.5,0.3,4,0.3,0.06,0.75,0.8,800,1280,0.6
88,2026-09-28T10:13:13.301631,... KARDICIEL ? SH - SHOULD I ?!,0.734,dialogue,dialogue,False,32,8,51,0,0,199,60,1.0,1.0,1.0,0.7,1.0,1.0,0.8571428571428571,3.316666666666667,11940,0.002680067001675042,0.5,1.425,True,True,0.0,0.44375,8,0.5,0.08875,1.0,0.28500000000000003,800,1280,0.6
89,2026-09-28T10:13:13.301749,DO YOU THINK THAT WOULD HELP US GROW CLOSER ?,0.8976,dialogue,dialogue,False,45,10,51,0,0,253,135,1.0,0.7,1.0,1.0,1.0,1.0,0.9722222222222222,1.874074074074074,34155,0.0013175230566534915,0.8888888888888888,2.2555555555555555,True,True,0.0,0.9030303030303031,10,1.0,0.1806060606060606,1.0,0.8,800,1280,0.6
90,2026-09-28T10:13:13.302419,OH MY ! SHE'LL MOST CERTAINLY SHOW IT TO GAS HIM !,0.748,dialogue,dialogue,False,50,12,53,0,0,479,213,1.0,1.0,0.6,0.7,1.0,1.0,0.9230769230769231,2.248826291079812,102027,0.0004900663549844649,0.7,1.9300000000000002,True,True,0.0,0.5088235294117647,12,0.6,0.10176470588235294,1.0,0.386,800,1280,0.6
91,2026-09-28T10:13:13.302552,I - I'M NOT SURE ! I - I ONLY THOUGHT IT MIGHT MAKE FOR A,0.8308,dialogue,dialogue,False,57,16,53,0,0,403,195,1.0,1.0,0.6,1.0,1.0,0.6,0.95,2.066666666666667,78585,0.0007253292613094102,0.9230769230769231,2.8615384615384616,True,False,0.0,0.7027777777777778,16,1.0,0.14055555555555557,0.9,0.8,800,1280,0.6
92,2026-09-28T10:13:13.303015,GOOD OPPORTUNITY TO HAVE A REAL CONVERSATION WTIH HIM .,0.866,dialogue,dialogue,False,55,10,54,0,0,276,136,1.0,1.0,1.0,0.7,1.0,1.0,0.9782608695652174,2.0294117647058822,37536,0.0014652600170502984,0.5555555555555556,2.2333333333333334,True,True,0.0,0.786046511627907,10,1.0,0.1572093023255814,1.0,0.8,800,1280,0.6
93,2026-09-28T10:13:13.303147,! GRACIOUS HER GRACE IS UTTERLY BESOTTED WITH LORD KARDICIEL !,0.7075,dialogue,dialogue,False,62,11,54,0,0,311,229,1.0,0.7,0.6,0.4,1.0,1.0,0.9803921568627451,1.3580786026200873,71219,0.0008705542060405229,0.3333333333333333,1.1777777777777778,True,True,0.0,0.65625,11,1.0,0.13125,1.0,0.23555555555555557,800,1280,0.6
94,2026-09-28T10:13:13.303282,GRASP,0.4392,background,background,False,5,1,55,0,0,216,132,1.0,0.7,1.0,0.0,1.0,0.2,1.0,1.6363636363636365,28512,0.00017536475869809202,0.0,0.5,False,False,0.0,0.3,1,0.6,0.06,0.5,0.1,800,1280,0.6
95,2026-09-28T10:13:13.303358,THAT,0.7514,dialogue,dialogue,False,4,1,55,0,0,66,21,1.0,1.0,0.2,1.0,1.0,0.2,1.0,3.142857142857143,1386,0.002886002886002886,1.0,4.3,False,False,0.0,3.6,1,0.5,0.72,0.5,1.0,800,1280,0.6
96,2026-09-28T10:13:13.303716,SOUNDS LIKE A WONDERFUL IDEA .,0.6816,,dialogue,False,30,6,56,0,0,187,96,1.0,0.7,1.0,0.4,1.0,1.0,0.96,1.9479166666666667,17952,0.0016711229946524064,0.4,1.7,True,True,0.0,0.39999999999999997,6,0.5,0.07999999999999999,1.0,0.33999999999999997,800,1280,0.6
97,2026-09-28T10:13:13.303825,"THANK YOU , DAISY ! I'LL BE RIGHT BACK !",0.6855,,dialogue,False,40,10,56,0,0,182,97,1.0,0.7,1.0,0.7,1.0,1.0,0.8709677419354839,1.8762886597938144,17654,0.0022657754616517505,0.7142857142857143,1.8,True,True,0.0,0.752,10,0.5,0.1504,0.3,0.36,800,1280,0.6
98,2026-09-28T10:13:13.303947,GRIN,0.5892,,background,False,4,1,57,0,0,134,123,1.0,0.7,1.0,1.0,1.0,0.2,1.0,1.089430894308943,16482,0.00024268899405411964,1.0,0.5,False,False,0.0,0.3,1,0.6,0.06,0.5,0.1,800,1280,0.6
99,2026-09-28T10:13:13.304475,I WONDER HOW KARDICIEL'S ROOM IS DECORATED .,0.6849,,dialogue,False,44,8,60,0,0,236,95,1.0,1.0,1.0,0.4,1.0,1.0,0.9459459459459459,2.4842105263157896,22420,0.001962533452274755,0.42857142857142855,1.2428571428571427,True,True,0.0,0.5424242424242424,8,0.5,0.10848484848484848,1.0,0.24857142857142853,800,1280,0.6
100,2026-09-28T10:13:13.304588,"GOOD GRACE DAY , ! YOUR",0.6767,,dialogue,False,23,6,60,0,0,168,77,1.0,1.0,1.0,0.7,1.0,0.6,0.8888888888888888,2.1818181818181817,12936,0.0017779839208410637,0.75,1.4,True,False,0.0,0.6928571428571428,6,0.5,0.13857142857142857,1.0,0.27999999999999997,800,1280,0.6
101,2026-09-28T10:13:13.304677,"HELLO ! GREETINGS , YOUR GRACE !",0.6168,,dialogue,False,32,7,60,0,0,309,60,1.0,0.7,1.0,0.075,1.0,1.0,0.8846153846153846,5.15,18540,0.001725997842502697,0.25,0.95,True,True,0.0,0.861904761904762,7,0.5,0.17238095238095238,1.0,0.19,800,1280,0.6
102,2026-09-28T10:13:13.305185,"HE'S STILL SO SMALL , SO I BET ALL HIS FURNITURE MUST BE TINY AND CUTE LIKE HIM ! ADORABLE",0.7013,dialogue,dialogue,False,90,20,61,0,0,455,369,1.0,0.7,0.4,0.7,1.0,0.6,0.9577464788732394,1.2330623306233062,167895,0.0005360493165371214,0.7222222222222222,1.9444444444444444,True,False,0.0,0.5681818181818182,20,1.0,0.11363636363636365,0.9,0.3888888888888889,800,1280,0.6
103,2026-09-28T10:13:13.305248,CUTE,0.4392,background,background,False,4,1,61,0,0,158,85,1.0,0.7,1.0,0.0,1.0,0.2,1.0,1.8588235294117648,13430,0.0002978406552494416,0.0,0.5,False,False,0.0,0.3,1,0.6,0.06,0.5,0.1,800,1280,0.6
104,2026-09-28T10:13:13.305439,HEHEHE,0.4642,,background,False,6,1,62,0,0,129,65,1.0,0.7,1.0,0.0,0.5,0.2,1.0,1.9846153846153847,8385,0.0007155635062611807,0.0,0.5,False,False,0.5,0.3,1,1.0,0.06,0.5,0.1,800,1280,0.6
105,2026-09-28T10:13:13.305543,I WONDER IF EVEN THE WALLPAPER WILL BE,0.6826,,dialogue,False,38,8,62,0,0,163,134,1.0,0.7,1.0,0.7,1.0,0.2,1.0,1.2164179104477613,21842,0.0017397674205658822,0.75,2.8375,False,False,0.0,0.903448275862069,8,0.5,0.1806896551724138,1.0,0.8,800,1280,0.6
106,2026-09-28T10:13:13.305759,CUTE .,0.5472,,dialogue,False,6,2,63,0,0,71,19,1.0,1.0,0.2,0.0,1.0,1.0,0.8,3.736842105263158,1349,0.004447739065974796,0.0,0.5,True,True,0.0,0.3,2,0.5,0.06,0.6,0.1,800,1280,0.6
107,2026-09-28T10:13:13.305854,I HOPE IT'S FULL OF TOYS TOO .,0.7295,dialogue,dialogue,False,30,8,63,0,0,179,95,1.0,0.7,1.0,0.7,1.0,1.0,0.9130434782608695,1.8842105263157896,17005,0.0017641870038224052,0.5714285714285714,1.842857142857143,True,True,0.0,0.3,8,0.5,0.06,1.0,0.3685714285714286,800,1280,0.6
108,2026-09-28T10:13:13.306065,"OH MY GOD , NOW I'M TOO NERVOUS TO",0.6882,,dialogue,False,34,9,64,0,0,217,94,1.0,1.0,1.0,0.7,1.0,0.6,0.9230769230769231,2.3085106382978724,20398,0.0016668300813805275,0.75,1.8125,True,False,0.0,0.6318181818181818,9,0.5,0.12636363636363637,1.0,0.3625,800,1280,0.6
109,2026-09-28T10:13:13.306274,KNOCK !!!,0.6925,,background,False,9,2,65,0,0,104,20,1.0,0.7,0.2,0.0,1.0,2.0,0.8333333333333334,5.2,2080,0.004326923076923077,0.0,0.5,True,True,0.0,1.0333333333333334,2,0.5,0.2066666666666667,0.6,0.1,800,1280,0.6
110,2026-09-28T10:13:13.306356,BA - BUMP BA BUMP BA - BUMP,0.5222,,background,False,27,8,65,0,0,467,236,1.0,0.7,0.6,0.0,1.0,0.6,1.0,1.978813559322034,110212,0.00024498239756106413,0.0,0.5,True,False,0.0,0.3,8,0.6,0.06,1.0,0.1,800,1280,0.6
111,2026-09-28T10:13:13.306497,GRIT TREMBLE,0.4462,background,background,False,12,2,66,0,0,296,165,1.0,0.7,1.0,0.0,1.0,0.2,1.0,1.793939393939394,48840,0.0002457002457002457,0.0,0.5,False,False,0.0,0.3,2,0.6,0.06,0.6,0.1,800,1280,0.6
112,2026-09-28T10:13:13.306667,"CALM DOWN , CALM DOWN .",0.7392,dialogue,dialogue,False,23,6,69,0,0,163,95,1.0,0.7,1.0,0.7,1.0,1.0,0.8888888888888888,1.7157894736842105,15485,0.0014853083629318695,0.5,0.5,True,True,0.0,0.3,6,1.0,0.06,1.0,0.1,800,1280,0.6
113,2026-09-28T10:13:13.306794,KNOCK KNOCK,0.4539,,background,False,11,2,70,0,0,194,138,1.0,0.7,1.0,0.0,1.0,0.2,1.0,1.4057971014492754,26772,0.00041087703570894966,0.0,0.5,False,False,0.0,0.85,2,0.6,0.16999999999999998,0.6,0.1,800,1280,0.6
114,2026-09-28T10:13:13.307005,STEP STEP WHO IS IT ? FLINCH,0.6302,,dialogue,False,28,7,71,0,0,618,629,1.0,0.3,0.4,0.7,1.0,0.6,0.9545454545454546,0.9825119236883942,388722,7.203091155118568e-05,0.5,1.4666666666666668,True,False,0.0,0.3,7,0.6,0.06,1.0,0.29333333333333333,800,1280,0.6
115,2026-09-28T10:13:13.307069,SWOOSH,0.4822,,background,False,6,1,71,0,0,130,48,1.0,1.0,0.6,0.0,1.0,0.2,1.0,2.7083333333333335,6240,0.0009615384615384616,0.0,0.5,False,False,0.0,0.3,1,1.0,0.06,0.5,0.1,800,1280,0.6
116,2026-09-28T10:13:13.307434,HE ANSWERED WAY QUICKER THAN I THOUGHT HE WOULD ! MY HEART ISN'T READY YET !,0.765,dialogue,dialogue,False,76,16,72,0,0,312,247,1.0,0.7,0.6,0.7,1.0,1.0,0.9508196721311475,1.263157894736842,77064,0.0009861932938856016,0.5714285714285714,1.8214285714285714,True,True,0.0,0.6660714285714285,16,1.0,0.1332142857142857,0.9,0.36428571428571427,800,1280,0.6
117,2026-09-28T10:13:13.307542,FWIP,0.4272,background,background,False,4,1,73,0,0,383,308,1.0,0.7,0.6,0.0,1.0,0.2,1.0,1.2435064935064934,117964,3.3908650096639655e-05,0.0,0.5,False,False,0.0,0.3,1,0.6,0.06,0.5,0.1,800,1280,0.6
118,2026-09-28T10:13:13.307717,"UGH , I ASKED WHO'S HERE--",0.7076,dialogue,dialogue,False,26,6,74,0,0,182,98,1.0,0.7,1.0,0.7,1.0,0.6,0.8095238095238095,1.8571428571428572,17836,0.0014577259475218659,0.6,1.24,True,False,0.0,0.74,6,1.0,0.148,1.0,0.248,800,1280,0.6
119,2026-09-28T10:13:13.307876,3,0.2325,background,background,False,1,1,75,0,0,28,44,0.0,0.3,0.2,0.0,0.91,0.2,0.0,0.6363636363636364,1232,0.0008116883116883117,0.0,0.5,False,False,0.09,0.3,1,1.0,0.06,0.5,0.1,800,1280,0.6
120,2026-09-28T10:13:13.307960,"HI , KARDICIEL .",0.5447,,dialogue,False,16,4,75,0,0,171,22,1.0,0.5,0.6,0.0,1.0,1.0,0.8461538461538461,7.7727272727272725,3762,0.004253056884635832,0.0,0.5,True,True,0.0,0.3,4,0.5,0.06,0.75,0.1,800,1280,0.6
121,2026-09-28T10:13:13.308029,SMILE,0.5892,,background,False,5,1,75,0,0,187,128,1.0,0.7,1.0,1.0,1.0,0.2,1.0,1.4609375,23936,0.0002088903743315508,1.0,0.5,False,False,0.0,0.3,1,0.6,0.06,0.5,0.1,800,1280,0.6
122,2026-09-28T10:13:13.308152,SLAM,0.5712,,background,False,4,1,77,0,0,551,363,1.0,0.7,0.4,1.0,1.0,0.2,1.0,1.5179063360881542,200013,1.9998700084494507e-05,1.0,0.5,False,False,0.0,0.3,1,0.6,0.06,0.5,0.1,800,1280,0.6
123,2026-09-28T10:13:13.308538,ACK ! W - WAIT ! I CAME BECAUSE THERE'S SOMETHING I WANT TO SHOW YOU !,0.7474,dialogue,dialogue,False,70,17,78,0,0,269,308,1.0,0.3,0.6,0.7,1.0,1.0,0.9245283018867925,0.8733766233766234,82852,0.0008448800270361609,0.6923076923076923,1.7692307692307692,True,True,0.0,0.9510638297872339,17,1.0,0.1902127659574468,0.9,0.3538461538461538,800,1280,0.6
124,2026-09-28T10:13:13.308677,CREAK HISS,0.4252,background,background,False,10,2,79,0,0,303,356,1.0,0.3,0.6,0.0,1.0,0.2,1.0,0.851123595505618,107868,9.27058998034635e-05,0.0,0.5,False,False,0.0,1.0857142857142856,2,0.6,0.21714285714285714,0.6,0.1,800,1280,0.6
125,2026-09-28T10:13:13.308813,NGH,0.4672,,background,False,3,1,80,0,0,80,49,1.0,0.7,0.6,0.0,1.0,0.2,1.0,1.6326530612244898,3920,0.0007653061224489796,0.0,0.5,False,False,0.0,0.3,1,1.0,0.06,0.5,0.1,800,1280,0.6
126,2026-09-28T10:13:13.308880,food,0.4192,background,background,False,4,1,80,0,0,89,109,1.0,0.3,1.0,0.0,1.0,0.2,1.0,0.8165137614678899,9701,0.0004123286259148541,0.0,0.5,False,False,0.0,0.3,1,0.6,0.06,0.5,0.1,800,1280,0.6
127,2026-09-28T10:13:13.309166,HMPH ! I'M ONLY LETTING YOU IN BECAUSE OF THIS CHOCOLATE .,0.8383,dialogue,dialogue,False,58,12,81,0,0,324,205,1.0,0.7,0.6,0.7,1.0,1.0,0.9361702127659575,1.5804878048780489,66420,0.0008732309545317676,0.7,2.1,True,True,0.0,0.7333333333333334,12,1.0,0.14666666666666667,1.0,0.8,800,1280,0.6
128,2026-09-28T10:13:13.309316,THANK YOU ! GRIN,0.6518,,dialogue,False,16,4,82,0,0,323,279,1.0,0.7,0.6,0.7,1.0,0.6,0.9230769230769231,1.157706093189964,90117,0.00017754696672104043,0.6666666666666666,1.5999999999999999,True,False,0.0,0.95,4,0.6,0.19,0.75,0.31999999999999995,800,1280,0.6
129,2026-09-28T10:13:13.309538,IT'S REALLY DIFFERENT FROM WHAT I WAS PICTURING .,0.7831,dialogue,dialogue,False,49,9,83,0,0,224,133,1.0,0.7,1.0,1.0,1.0,1.0,0.9512195121951219,1.6842105263157894,29792,0.001644736842105263,0.875,1.825,True,True,0.0,0.9567567567567568,9,0.5,0.19135135135135134,1.0,0.365,800,1280,0.6
130,2026-09-28T10:13:13.309672,GLANCE GLANCE,0.469,,background,False,13,2,84,0,0,310,98,1.0,1.0,1.0,0.0,1.0,0.2,1.0,3.163265306122449,30380,0.00042791310072416065,0.0,0.5,False,False,0.0,0.86,2,0.6,0.172,0.6,0.1,800,1280,0.6
131,2026-09-28T10:13:13.310029,"OH , KARDICIEL , YOU'VE BEEN TAKING GOOD CARE OF THAT BEAR !",0.7459,dialogue,dialogue,False,60,13,85,0,0,274,136,1.0,1.0,1.0,0.7,1.0,1.0,0.9166666666666666,2.014705882352941,37264,0.0016101331043366252,0.6,1.67,True,True,0.0,0.7738095238095238,13,0.5,0.15476190476190477,1.0,0.33399999999999996,800,1280,0.6
132,2026-09-28T10:13:13.310101,SMILE GRIN FLINCH,0.5497,,background,False,17,3,85,0,0,412,219,1.0,0.7,0.6,0.7,1.0,0.2,1.0,1.8812785388127853,90228,0.00018841157955401872,0.6666666666666666,0.5,False,False,0.0,0.3,3,0.6,0.06,0.75,0.1,800,1280,0.6
133,2026-09-28T10:13:13.310410,www,0.4672,,background,False,3,1,86,0,0,84,49,1.0,0.7,0.6,0.0,1.0,0.2,1.0,1.7142857142857142,4116,0.0007288629737609329,0.0,0.5,False,False,0.0,0.3,1,1.0,0.06,0.5,0.1,800,1280,0.6
134,2026-09-28T10:13:13.310557,I - I JUST LEFT IT THERE BECAUSE THROWING IT AWAY WOULD HAVE BEEN ANNOYING !,0.8429,dialogue,dialogue,False,76,16,86,0,0,258,209,1.0,0.7,1.0,0.7,1.0,1.0,0.9833333333333333,1.2344497607655502,53922,0.0014094432699083862,0.7857142857142857,2.292857142857143,True,True,0.0,0.7087719298245614,16,1.0,0.14175438596491227,0.9,0.8,800,1280,0.6
135,2026-09-28T10:13:13.310695,FWIP FLUSH,0.4492,background,background,False,10,2,87,0,0,527,246,1.0,1.0,0.6,0.0,1.0,0.2,1.0,2.1422764227642275,129642,7.713549621264713e-05,0.0,0.5,False,False,0.0,0.3,2,0.6,0.06,0.6,0.1,800,1280,0.6
136,2026-09-28T10:13:13.310890,WHAT DID YOU WANT TO SHOW ME ?,0.8456,dialogue,dialogue,False,30,8,88,0,0,189,98,1.0,0.7,1.0,1.0,1.0,1.0,0.9565217391304348,1.9285714285714286,18522,0.0016196954972465176,1.0,2.2142857142857144,True,True,0.0,0.755,8,0.5,0.151,1.0,0.8,800,1280,0.6
137,2026-09-28T10:13:13.311307,I WROTE A COUPLE OF THINGS DOWN ABOUT YOU ! WOULD YOU LIKE TO READ IT ?,0.8897,dialogue,dialogue,False,71,17,90,0,0,285,210,1.0,0.7,1.0,1.0,1.0,1.0,0.9636363636363636,1.3571428571428572,59850,0.0011862990810359232,0.8,2.6933333333333334,True,True,0.0,0.8392156862745097,17,1.0,0.16784313725490194,0.9,0.8,800,1280,0.6
138,2026-09-28T10:13:13.311380,m GLARE m,0.504,,background,False,9,3,90,0,0,141,103,1.0,0.7,1.0,0.0,1.0,0.2,1.0,1.3689320388349515,14523,0.0006197066721751704,0.0,0.5,False,False,0.0,0.82,3,1.0,0.16399999999999998,0.75,0.1,800,1280,0.6
139,2026-09-28T10:13:13.311507,HMPHI,0.4672,,dialogue,False,5,1,91,0,0,89,45,1.0,0.7,0.6,0.0,1.0,0.2,1.0,1.9777777777777779,4005,0.0012484394506866417,0.0,0.5,False,False,0.0,0.3,1,1.0,0.06,0.5,0.1,800,1280,0.6
140,2026-09-28T10:13:13.311579,SNATCH,0.4392,background,background,False,6,1,91,0,0,181,109,1.0,0.7,1.0,0.0,1.0,0.2,1.0,1.6605504587155964,19729,0.0003041208373460388,0.0,0.5,False,False,0.0,0.3,1,0.6,0.06,0.5,0.1,800,1280,0.6
141,2026-09-28T10:13:13.311840,TH - THIS ...,0.7727,dialogue,dialogue,False,13,4,93,0,0,124,23,1.0,0.7,0.2,0.7,1.0,1.0,1.0,5.391304347826087,2852,0.00455820476858345,0.5,2.05,True,True,0.0,1.7249999999999999,4,0.5,0.345,0.75,0.8,800,1280,0.6
142,2026-09-28T10:13:13.311908,THESE THINGS ...,0.6801,,dialogue,False,16,3,93,0,0,116,60,1.0,0.7,0.6,0.7,1.0,1.0,1.0,1.9333333333333333,6960,0.0022988505747126436,0.5,0.5,True,True,0.0,1.7555555555555555,3,0.5,0.3511111111111111,0.75,0.1,800,1280,0.6
143,2026-09-28T10:13:13.311995,BLUSH THIS IS ALL ……… !,0.7332,dialogue,dialogue,False,23,6,93,0,0,501,413,1.0,0.7,0.4,0.7,1.0,1.0,0.9333333333333333,1.2130750605326877,206913,0.00011115782961921194,0.75,1.9,True,True,0.0,1.0166666666666666,6,0.6,0.2033333333333333,1.0,0.38,800,1280,0.6
144,2026-09-28T10:13:13.312145,TREMBLE,0.4792,,background,False,7,1,94,0,0,148,78,1.0,0.7,1.0,0.0,1.0,0.2,1.0,1.8974358974358974,11544,0.0006063756063756063,0.0,0.5,False,False,0.0,0.3,1,1.0,0.06,0.5,0.1,800,1280,0.6
145,2026-09-28T10:13:13.312212,SHAKE,0.4822,,background,False,5,1,94,0,0,115,51,1.0,1.0,0.6,0.0,1.0,0.2,1.0,2.2549019607843137,5865,0.0008525149190110827,0.0,0.5,False,False,0.0,0.3,1,1.0,0.06,0.5,0.1,800,1280,0.6
146,2026-09-28T10:13:13.312275,0,0.1825,background,background,False,1,1,94,0,0,14,15,0.0,0.3,0.2,0.0,0.91,0.2,0.0,0.9333333333333333,210,0.004761904761904762,0.0,0.5,False,False,0.09,0.3,1,0.5,0.06,0.5,0.1,800,1280,0.6
147,2026-09-28T10:13:13.312338,O,0.3852,background,background,False,1,1,94,0,0,11,10,1.0,0.7,0.2,0.0,1.0,0.2,1.0,1.1,110,0.00909090909090909,0.0,0.5,False,False,0.0,0.3,1,0.3,0.06,0.5,0.1,800,1280,0.6
148,2026-09-28T10:13:13.312486,GASP,0.5892,,background,False,4,1,96,0,0,195,163,1.0,0.7,1.0,1.0,1.0,0.2,1.0,1.196319018404908,31785,0.00012584552461853074,1.0,0.5,False,False,0.0,0.3,1,0.6,0.06,0.5,0.1,800,1280,0.6
149,2026-09-28T10:13:13.312554,C - CIEL !!!,0.5577,,dialogue,False,12,4,96,0,0,117,26,1.0,1.0,0.2,0.0,1.0,1.0,0.8333333333333334,4.5,3042,0.0039447731755424065,0.0,0.5,True,True,0.0,0.3,4,0.5,0.06,0.75,0.1,800,1280,0.6
150,2026-09-28T10:13:13.312693,TWITCH,0.4483,background,background,False,6,1,97,0,0,232,159,1.0,0.7,1.0,0.0,1.0,0.2,1.0,1.4591194968553458,36888,0.00016265452179570593,0.0,0.5,False,False,0.0,0.95,1,0.6,0.19,0.5,0.1,800,1280,0.6
151,2026-09-28T10:13:13.312760,CIEL ... ?,0.5577,,dialogue,False,10,3,97,0,0,88,23,1.0,1.0,0.2,0.0,1.0,1.0,0.8,3.8260869565217392,2024,0.004940711462450593,0.0,0.5,True,True,0.0,0.3,3,0.5,0.06,0.75,0.1,800,1280,0.6
152,2026-09-28T10:13:13.312987,THAT'S THE ROPERAM FAMILY'S ABILITY IN TORN WINGS !,0.6824,,dialogue,False,51,9,99,0,0,252,133,1.0,0.7,1.0,0.4,1.0,1.0,0.9302325581395349,1.894736842105263,33516,0.0015216612960973863,0.375,1.55,True,True,0.0,0.7789473684210527,9,0.5,0.15578947368421053,1.0,0.31,800,1280,0.6
153,2026-09-28T10:13:13.313045,GULP,0.4392,background,background,False,4,1,99,0,0,161,127,1.0,0.7,1.0,0.0,1.0,0.2,1.0,1.2677165354330708,20447,0.00019562772044798748,0.0,0.5,False,False,0.0,0.3,1,0.6,0.06,0.5,0.1,800,1280,0.6
154,2026-09-28T10:13:13.313265,I THOUGHT ONLY THE FUTURE DUKES COULD USE IT ...,0.8499,dialogue,dialogue,False,48,10,100,0,0,238,139,1.0,0.7,1.0,0.7,1.0,1.0,1.0,1.7122302158273381,33082,0.001450940088265522,0.6666666666666666,2.3555555555555556,True,True,0.0,0.7058823529411765,10,1.0,0.1411764705882353,1.0,0.8,800,1280,0.6
155,2026-09-28T10:13:13.313625,"SQUEAZ KARDICIEL CAN ALREADY USE IT ?! OH MY GOODNESS , MY SON IS INCREDIBLE !!! BEA",0.6271,,dialogue,False,84,17,101,0,0,547,845,1.0,0.3,0.4,0.7,1.0,0.6,0.9393939393939394,0.6473372781065089,462215,0.00018173360881840701,0.5,1.5214285714285716,True,False,0.0,0.45999999999999996,17,0.6,0.092,0.9,0.3042857142857143,800,1280,0.6
156,2026-09-28T10:13:13.313799,BUT ... MY DIARY !!! NOOO0 !,0.747,dialogue,dialogue,False,28,7,102,0,0,202,57,1.0,1.0,1.0,0.7,1.0,1.0,0.8666666666666667,3.543859649122807,11514,0.002431822129581379,0.5,1.925,True,True,0.0,0.3,7,0.5,0.06,1.0,0.385,800,1280,0.6
157,2026-09-28T10:13:13.313855,SOB,0.5772,,background,False,3,1,102,0,0,92,73,1.0,0.7,0.6,1.0,1.0,0.2,1.0,1.2602739726027397,6716,0.0004466944609886837,1.0,0.5,False,False,0.0,0.3,1,0.6,0.06,0.5,0.1,800,1280,0.6
158,2026-09-28T10:13:13.314048,"IF YOU WRITE RUBBISH LIKE THIS AGAIN ,",0.7864,dialogue,dialogue,False,38,8,103,0,0,174,98,1.0,0.7,1.0,1.0,1.0,0.6,0.967741935483871,1.7755102040816326,17052,0.002228477597935726,0.8571428571428571,2.0142857142857142,True,False,0.0,0.8142857142857143,8,0.5,0.16285714285714287,1.0,0.8,800,1280,0.6
159,2026-09-28T10:13:13.314204,I WON'T OVERLOOK IT ...,0.7971,dialogue,dialogue,False,23,5,104,0,0,195,59,1.0,1.0,1.0,0.7,1.0,1.0,0.9375,3.305084745762712,11505,0.001999130812690135,0.75,2.325,True,True,0.0,0.6846153846153846,5,0.5,0.13692307692307693,0.75,0.8,800,1280,0.6
160,2026-09-28T10:13:13.314261,GRASP,0.4792,,background,False,5,1,104,0,0,128,78,1.0,0.7,1.0,0.0,1.0,0.2,1.0,1.641025641025641,9984,0.000500801282051282,0.0,0.5,False,False,0.0,0.3,1,1.0,0.06,0.5,0.1,800,1280,0.6
161,2026-09-28T10:13:13.314639,"OKAY , KARDICIEL . IF YOU DON'T WANT ME TO DO THAT , THEN I WON'T .",0.8888,dialogue,dialogue,False,67,17,105,0,0,221,210,1.0,0.7,1.0,1.0,1.0,1.0,0.8823529411764706,1.0523809523809524,46410,0.0014436543848308555,0.9230769230769231,2.476923076923077,True,True,0.0,0.7744186046511627,17,1.0,0.15488372093023256,0.9,0.8,800,1280,0.6
162,2026-09-28T10:13:13.314694,GR,0.4392,background,background,False,2,1,105,0,0,110,94,1.0,0.7,1.0,0.0,1.0,0.2,1.0,1.1702127659574468,10340,0.00019342359767891682,0.0,0.5,False,False,0.0,0.3,1,0.6,0.06,0.5,0.1,800,1280,0.6
163,2026-09-28T10:13:13.315147,"LOSING MY DIARY IS AWFUL , BUT I GOT TO SEE HIS ROOM , SO IT'S FINE . I'LL JUST CONSIDER",0.6659,,dialogue,False,88,21,106,0,0,273,175,1.0,0.7,1.0,0.7,1.0,0.6,0.9264705882352942,1.56,47775,0.0018419675562532706,0.7222222222222222,1.838888888888889,True,False,0.0,0.5508196721311476,21,0.5,0.11016393442622952,0.9,0.3677777777777778,800,1280,0.6
164,2026-09-28T10:13:13.315314,IT MY ENTRANCE FEE .,0.7985,dialogue,dialogue,False,20,5,107,0,0,214,56,1.0,1.0,1.0,0.7,1.0,1.0,0.9375,3.8214285714285716,11984,0.0016688918558077437,0.5,2.05,True,True,0.0,0.7846153846153846,5,0.5,0.15692307692307692,0.75,0.8,800,1280,0.6
165,2026-09-28T10:13:13.315375,WHY'D,0.4202,background,dialogue,False,5,1,107,0,0,85,21,1.0,1.0,0.2,0.0,1.0,0.2,0.8,4.0476190476190474,1785,0.0028011204481792717,0.0,0.5,False,False,0.0,0.3,1,0.5,0.06,0.5,0.1,800,1280,0.6
166,2026-09-28T10:13:13.336263,YOU CALL ME THAT ... ?,0.8704,dialogue,dialogue,False,22,6,108,0,0,173,56,1.0,1.0,1.0,1.0,1.0,1.0,0.9285714285714286,3.0892857142857144,9688,0.0022708505367464906,1.0,2.8,True,True,0.0,1.4545454545454546,6,0.5,0.2909090909090909,1.0,0.8,800,1280,0.6
167,2026-09-28T10:13:13.336320,C,0.3852,background,background,False,1,1,108,0,0,8,8,1.0,0.7,0.2,0.0,1.0,0.2,1.0,1.0,64,0.015625,0.0,0.5,False,False,0.0,0.3,1,0.3,0.06,0.5,0.1,800,1280,0.6
168,2026-09-28T10:13:13.336373,4,0.1525,background,background,False,1,1,108,0,0,6,5,0.0,0.7,0.2,0.0,0.91,0.2,0.0,1.2,30,0.03333333333333333,0.0,0.5,False,False,0.09,0.3,1,0.0,0.06,0.5,0.1,800,1280,0.6
169,2026-09-28T10:13:13.336460,HM ? WHAT DO YOU MEAN ?,0.899,dialogue,dialogue,False,23,7,108,0,0,190,96,1.0,0.7,1.0,1.0,1.0,1.0,0.8823529411764706,1.9791666666666667,18240,0.0012609649122807018,0.8,2.2800000000000002,True,True,0.0,1.0,7,1.0,0.2,1.0,0.8,800,1280,0.6
170,2026-09-28T10:13:13.336602,TURN,0.5892,,background,False,4,1,110,0,0,152,88,1.0,0.7,1.0,1.0,1.0,0.2,1.0,1.7272727272727273,13376,0.0002990430622009569,1.0,0.5,False,False,0.0,0.3,1,0.6,0.06,0.5,0.1,800,1280,0.6
171,2026-09-28T10:13:13.336683,WHY'D YOU CALL ME KARDICIEL ?,0.7259,dialogue,dialogue,False,29,6,110,0,0,173,96,1.0,0.7,1.0,0.7,1.0,1.0,0.9166666666666666,1.8020833333333333,16608,0.001746146435452794,0.6,1.58,True,True,0.0,0.605,6,0.5,0.121,1.0,0.316,800,1280,0.6
172,2026-09-28T10:13:13.336794,UMM,0.4522,,dialogue,False,3,1,111,0,0,84,50,1.0,0.7,0.6,0.0,0.5,0.2,1.0,1.68,4200,0.0007142857142857143,0.0,0.5,False,False,0.5,0.3,1,1.0,0.06,0.5,0.1,800,1280,0.6
173,2026-09-28T10:13:13.336855,DOES HE NOT,0.6847,,dialogue,False,11,3,111,0,0,166,21,1.0,0.5,0.6,1.0,1.0,0.2,1.0,7.904761904761905,3486,0.003155479059093517,1.0,2.766666666666667,False,False,0.0,0.6571428571428571,3,0.5,0.13142857142857142,0.75,0.8,800,1280,0.6
174,2026-09-28T10:13:13.337012,LIKE IT WHEN I SAY HIS NAME ?,0.8115,dialogue,dialogue,False,29,8,112,0,0,250,54,1.0,1.0,1.0,0.7,1.0,1.0,0.9545454545454546,4.62962962962963,13500,0.002148148148148148,0.7142857142857143,2.942857142857143,True,True,0.0,0.46315789473684205,8,0.5,0.09263157894736841,1.0,0.8,800,1280,0.6
175,2026-09-28T10:13:13.337161,FIDGET,0.4392,background,background,False,6,1,113,0,0,167,146,1.0,0.7,1.0,0.0,1.0,0.2,1.0,1.143835616438356,24382,0.00024608317611352635,0.0,0.5,False,False,0.0,0.3,1,0.6,0.06,0.5,0.1,800,1280,0.6
176,2026-09-28T10:13:13.337243,Y - YOU CALLED ME ... CIEL EARLIER ...,0.6903,,dialogue,False,38,9,113,0,0,230,97,1.0,1.0,1.0,0.4,1.0,1.0,1.0,2.3711340206185567,22310,0.0017032720753025548,0.3333333333333333,1.4000000000000001,True,True,0.0,0.5904761904761905,9,0.5,0.1180952380952381,1.0,0.28,800,1280,0.6
177,2026-09-28T10:13:13.337430,IS IT OKAY IF I CALL YOU THAT ?,0.8651,dialogue,dialogue,False,31,9,114,0,0,215,61,1.0,1.0,1.0,1.0,1.0,1.0,0.9565217391304348,3.5245901639344264,13115,0.0023637056805184903,1.0,2.7625,True,True,0.0,1.08,9,0.5,0.21600000000000003,1.0,0.8,800,1280,0.6
178,2026-09-28T10:13:13.337485,GENTLE NOD,0.4682,,background,False,10,2,114,0,0,352,173,1.0,1.0,1.0,0.0,1.0,0.2,1.0,2.0346820809248554,60896,0.00016421439831844456,0.0,0.5,False,False,0.0,0.7999999999999999,2,0.6,0.15999999999999998,0.6,0.1,800,1280,0.6
179,2026-09-28T10:13:13.337581,TOUCHED,0.4322,background,background,False,7,1,116,0,0,107,40,1.0,1.0,0.6,0.0,1.0,0.2,1.0,2.675,4280,0.0016355140186915889,0.0,0.5,False,False,0.0,0.3,1,0.5,0.06,0.5,0.1,800,1280,0.6
180,2026-09-28T10:13:13.337825,"I CAN'T BELIEVE SUCH A SWEET , INNOCENT CHILD GREW UP TO BE ...",0.8469,dialogue,dialogue,False,63,14,118,0,0,209,208,1.0,0.7,1.0,0.7,1.0,1.0,0.9574468085106383,1.0048076923076923,43472,0.0014492086860507913,0.6666666666666666,2.0416666666666665,True,True,0.0,0.49302325581395345,14,1.0,0.09860465116279069,1.0,0.8,800,1280,0.6
181,2026-09-28T10:13:13.338099,I DON'T WANT TO SEE HIM LOCK UP THE FEMALE LEAD AND CAUSE OTHERS PAIN ...,0.7341,dialogue,dialogue,False,73,16,119,0,0,281,170,1.0,0.7,1.0,0.7,1.0,1.0,0.9818181818181818,1.6529411764705881,47770,0.0015281557462842787,0.7333333333333333,1.9866666666666668,True,True,0.0,0.8211538461538462,16,0.5,0.16423076923076924,0.9,0.39733333333333337,800,1280,0.6
182,2026-09-28T10:13:13.338495,"IF HE'S LOVED AND DOTED ON NOW , WILL HE LEARN HOW TO DO THE SAME TO OTHERS IN THE FUTURE ?",0.8192,dialogue,dialogue,False,91,22,121,0,0,240,245,1.0,0.3,1.0,1.0,1.0,1.0,0.9571428571428572,0.9795918367346939,58800,0.0015476190476190477,0.8,2.66,True,True,0.0,0.7969230769230768,22,0.5,0.15938461538461537,0.9,0.8,800,1280,0.6
183,2026-09-28T10:13:13.338626,"WELL , THAT'S MY JOB AS",0.7419,dialogue,dialogue,False,23,6,122,0,0,180,54,1.0,1.0,1.0,1.0,1.0,0.6,0.8888888888888888,3.3333333333333335,9720,0.0023662551440329217,0.8,1.9600000000000002,True,False,0.0,0.9357142857142857,6,0.5,0.18714285714285714,1.0,0.392,800,1280,0.6
184,2026-09-28T10:13:13.338754,MOM !,0.6972,,dialogue,False,5,2,123,0,0,74,22,1.0,1.0,0.2,0.0,1.0,2.0,0.75,3.3636363636363638,1628,0.003071253071253071,0.0,0.5,True,True,0.0,0.3,2,0.5,0.06,0.6,0.1,800,1280,0.6
185,2026-09-28T10:13:13.338802,CIEL .,0.5472,,dialogue,False,6,2,123,0,0,61,22,1.0,1.0,0.2,0.0,1.0,1.0,0.8,2.772727272727273,1342,0.004470938897168405,0.0,0.5,True,True,0.0,0.3,2,0.5,0.06,0.6,0.1,800,1280,0.6
186,2026-09-28T10:13:13.338854,BUMP,0.4672,,background,False,4,1,123,0,0,78,45,1.0,0.7,0.6,0.0,1.0,0.2,1.0,1.7333333333333334,3510,0.0011396011396011395,0.0,0.5,False,False,0.0,0.3,1,1.0,0.06,0.5,0.1,800,1280,0.6
187,2026-09-28T10:13:13.338972,Y - YES ... ?,0.6732,,dialogue,False,13,5,124,0,0,121,22,1.0,0.7,0.2,0.7,1.0,1.0,0.8,5.5,2662,0.004883546205860256,0.5,1.35,True,True,0.0,0.3,5,0.5,0.06,0.75,0.27,800,1280,0.6
188,2026-09-28T10:13:13.339174,YOU SPEND JUST 10 MINUTES WITH MOMMY EVERY DAY ?,0.7395,dialogue,dialogue,False,48,10,126,0,0,306,97,1.0,1.0,1.0,0.7,1.0,1.0,0.9230769230769231,3.154639175257732,29682,0.0016171417020416413,0.6666666666666666,1.4555555555555555,True,True,0.0,0.7735294117647059,10,0.5,0.1547058823529412,1.0,0.2911111111111111,800,1280,0.6
189,2026-09-28T10:13:13.339222,Bell,0.4013,background,background,False,4,1,126,0,0,26,26,1.0,0.7,0.2,0.0,1.0,0.2,1.0,1.0,676,0.005917159763313609,0.0,0.5,False,False,0.0,1.45,1,0.3,0.29,0.5,0.1,800,1280,0.6
190,2026-09-28T10:13:13.339501,"To be continued revolution Story / Art C.night , C.shoes Script assistance C.tin , C.food",0.5691,,background,False,89,15,128,0,0,268,351,1.0,0.3,0.6,0.0375,1.0,0.6,0.9714285714285714,0.7635327635327636,94068,0.0009461240804524387,0.125,1.03125,True,False,0.0,0.6833333333333333,15,1.0,0.13666666666666666,1.0,0.20625,800,975,0.6
