sample_id,timestamp,text,score,auto_label,label,needs_review,text_length,word_count_raw,panel_id,bbox_x,bbox_y,bbox_width,bbox_height,feature_alphabet_ratio,feature_aspect_ratio,feature_bbox_area,feature_dictionary_ratio,feature_is_timestamp,feature_ocr_noise,feature_punctuation,feature_raw_alpha_ratio,feature_raw_aspect_ratio,feature_raw_bbox_area,feature_raw_density,feature_raw_dict_ratio,feature_raw_freq_score,feature_raw_has_any_punct,feature_raw_has_punctuation,feature_raw_noise,feature_raw_trigram,feature_raw_word_count,feature_text_density,feature_trigram_score,feature_word_count,feature_word_frequency,image_width,image_height,threshold_used
0,2026-09-27T21:12:46.892581,WHOO,0.4212,background,background,False,4,1,0,0,0,496,419,1.0,0.7,0.4,0.0,,1.0,0.2,1.0,1.1837708830548923,207824,1.9247055200554316e-05,0.0,0.5,False,False,0.0,0.3,1,0.6,0.06,0.5,0.1,800,1000,0.6
1,2026-09-27T21:12:46.892950,129,0.2175,background,background,False,3,1,1,0,0,51,23,0.0,1.0,0.2,0.0,,0.91,0.2,0.0,2.217391304347826,1173,0.0025575447570332,0.0,0.5,False,False,0.09,0.3,1,0.5,0.06,0.5,0.1,800,1000,0.6
2,2026-09-27T21:12:46.893295,FLAP,0.4212,background,background,False,4,1,2,0,0,698,477,1.0,0.7,0.4,0.0,,1.0,0.2,1.0,1.4633123689727463,332946,1.2013960221777706e-05,0.0,0.5,False,False,0.0,0.3,1,0.6,0.06,0.5,0.1,800,1000,0.6
3,2026-09-27T21:12:46.893637,MY NAME IS SUHO KIM .,0.6398,,dialogue,False,21,6,4,0,0,391,26,1.0,0.3,1.0,0.4,,1.0,1.0,0.9375,15.038461538461538,10166,0.0020657092268345,0.4,1.02,True,True,0.0,0.3,6,0.5,0.06,1.0,0.204,800,1000,0.6
4,2026-09-27T21:12:46.893936,BBO ! BANG !,0.7217,dialogue,background,False,12,4,7,0,0,302,53,1.0,0.7,1.0,0.7,,1.0,1.0,0.7777777777777778,5.69811320754717,16006,0.0007497188554292,0.5,0.5,True,True,0.0,0.3,4,1.0,0.06,0.75,0.1,800,1000,0.6
5,2026-09-27T21:12:46.894102,GGO !,0.6972,,background,False,5,2,7,0,0,86,26,1.0,1.0,0.2,0.0,,1.0,2.0,0.75,3.3076923076923075,2236,0.0022361359570661,0.0,0.5,True,True,0.0,0.3,2,0.5,0.06,0.6,0.1,800,1000,0.6
6,2026-09-27T21:12:46.894259,HA !,0.6572,,dialogue,False,4,2,7,0,0,57,27,0.8,1.0,0.2,0.0,,1.0,2.0,0.6666666666666666,2.111111111111111,1539,0.0025990903183885,0.0,0.5,True,True,0.0,0.3,2,0.5,0.06,0.6,0.1,800,1000,0.6
7,2026-09-27T21:12:46.894586,"NO , IN THIS WORLD , MY NAME IS LLOYD FRONTERA !",0.7974,dialogue,dialogue,False,48,12,8,0,0,326,144,1.0,1.0,1.0,0.7,,1.0,1.0,0.918918918918919,2.263888888888889,46944,0.0010224948875255,0.6666666666666666,1.7777777777777777,True,True,0.0,0.646875,12,1.0,0.129375,1.0,0.3555555555555555,800,1000,0.6
8,2026-09-27T21:12:46.894866,AND THIS IS THE STORY ...,0.8671,dialogue,dialogue,False,25,6,9,0,0,208,66,1.0,1.0,1.0,1.0,,1.0,1.0,1.0,3.1515151515151514,13728,0.0018210955710955,0.8,2.82,True,True,0.0,1.22,6,0.5,0.244,1.0,0.8,800,1000,0.6
9,2026-09-27T21:12:46.895014,TWIRL,0.4272,background,background,False,5,1,9,0,0,317,308,1.0,0.7,0.6,0.0,,1.0,0.2,1.0,1.0292207792207793,97636,5.121061903396288e-05,0.0,0.5,False,False,0.0,0.3,1,0.6,0.06,0.5,0.1,800,1000,0.6
10,2026-09-27T21:12:46.895339,加,0.186,background,background,False,1,1,10,0,0,21,48,0.0,0.3,0.2,0.0,,1.0,0.0,1.0,0.4375,1008,0.0009920634920634,0.0,0.5,False,False,0.0,0.3,1,1.0,0.0,0.5,0.0,800,1000,0.6
11,2026-09-27T21:12:46.895621,SLAM,0.5712,,background,False,4,1,12,0,0,479,290,1.0,0.7,0.4,1.0,,1.0,0.2,1.0,1.6517241379310346,138910,2.8795623065294076e-05,1.0,0.5,False,False,0.0,0.3,1,0.6,0.06,0.5,0.1,800,1000,0.6
12,2026-09-27T21:12:46.895895,0000,0.2245,background,background,False,4,1,14,0,0,358,288,0.0,0.7,0.6,0.0,,0.91,0.2,0.0,1.2430555555555556,103104,3.8795779019242706e-05,0.0,0.5,False,False,0.09,0.3,1,0.6,0.06,0.5,0.1,800,1000,0.6
13,2026-09-27T21:12:46.896136,822222227,0.2185,background,background,False,9,1,16,0,0,607,374,0.0,0.7,0.4,0.0,,0.91,0.2,0.0,1.6229946524064172,227018,3.9644433481045555e-05,0.0,0.5,False,False,0.09,0.3,1,0.6,0.06,0.5,0.1,800,1000,0.6
14,2026-09-27T21:12:46.896350,"i """,0.6707,,background,False,3,2,17,0,0,41,57,0.8,0.3,0.2,1.0,,0.4499999999999999,0.2,0.5,0.7192982456140351,2337,0.0012836970474967,1.0,4.2,False,False,0.55,0.3,2,1.0,0.06,0.6,1.0,800,1000,0.6
15,2026-09-27T21:12:46.896612,... OF HOW YOUR AVERAGE CIVIL ENGINEERING STUDENT ...,0.7349,dialogue,dialogue,False,53,9,18,0,0,356,144,1.0,1.0,0.6,0.4,,1.0,1.0,1.0,2.4722222222222223,51264,0.0010338639200998,0.4285714285714285,1.557142857142857,True,True,0.0,0.7297297297297297,9,1.0,0.1459459459459459,1.0,0.3114285714285714,800,1000,0.6
16,2026-09-27T21:12:46.896861,... TURNED AN ENTIRE WORLD UPSIDE DOWN !,0.719,dialogue,dialogue,False,40,8,20,0,0,245,105,1.0,1.0,1.0,0.7,,1.0,1.0,0.9666666666666668,2.3333333333333335,25725,0.0015549076773566,0.5,0.9333333333333332,True,True,0.0,0.4296296296296296,8,0.5,0.0859259259259259,1.0,0.1866666666666666,800,1000,0.6
17,2026-09-27T21:12:46.897070,WHOOOOSH,0.5862,,background,False,8,1,21,0,0,506,246,1.0,1.0,0.4,1.0,,1.0,0.2,1.0,2.0569105691056913,124476,6.426941739773129e-05,1.0,0.5,False,False,0.0,0.3,1,0.6,0.06,0.5,0.1,800,1000,0.6
18,2026-09-27T21:12:46.897337,JAVIER .,0.5592,,dialogue,False,8,2,23,0,0,123,28,1.0,1.0,0.6,0.0,,1.0,1.0,0.8571428571428571,4.392857142857143,3444,0.0023228803716608,0.0,0.5,True,True,0.0,0.3,2,0.5,0.06,0.6,0.1,800,1000,0.6
19,2026-09-27T21:12:46.897516,"YES , MASTER LLOYD ?",0.7126,dialogue,dialogue,False,20,5,23,0,0,216,68,1.0,1.0,1.0,0.4,,1.0,1.0,0.875,3.176470588235294,14688,0.0013616557734204,0.3333333333333333,1.0666666666666669,True,True,0.0,0.5750000000000001,5,1.0,0.115,0.75,0.2133333333333333,800,1000,0.6
20,2026-09-27T21:12:46.897722,THIS IS ...,0.8196,dialogue,dialogue,False,11,3,24,0,0,146,23,1.0,0.5,0.6,1.0,,1.0,1.0,1.0,6.3478260869565215,3358,0.0032757593805836,1.0,2.05,True,True,0.0,1.725,3,0.5,0.345,0.75,0.8,800,1000,0.6
21,2026-09-27T21:12:46.897939,... ALL MONEY !,0.7018,dialogue,dialogue,False,15,4,25,0,0,235,29,1.0,0.3,1.0,0.7,,1.0,1.0,0.8888888888888888,8.10344827586207,6815,0.0022010271460014,0.5,1.75,True,True,0.0,1.2,4,0.5,0.24,0.75,0.35,800,1000,0.6
22,2026-09-27T21:12:46.898177,BWA на HA HA,0.4187,background,background,False,12,4,26,0,0,337,612,1.0,0.3,0.4,0.0,,1.0,0.2,1.0,0.5506535947712419,206244,5.8183510793041255e-05,0.0,0.5,False,False,0.0,0.3,4,0.6,0.06,0.75,0.1,800,1000,0.6
23,2026-09-27T21:12:46.898310,129,0.2175,background,background,False,3,1,26,0,0,51,18,0.0,1.0,0.2,0.0,,0.91,0.2,0.0,2.8333333333333335,918,0.0032679738562091,0.0,0.5,False,False,0.09,0.3,1,0.5,0.06,0.5,0.1,800,1000,0.6
24,2026-09-27T21:12:46.898584,"HAVE YOU FINALLY LOST IT , SIR ?",0.8633,dialogue,dialogue,False,32,8,27,0,0,282,106,1.0,1.0,1.0,0.7,,1.0,1.0,0.92,2.660377358490566,29892,0.0010705205406128,0.5,2.2666666666666666,True,True,0.0,0.5904761904761905,8,1.0,0.1180952380952381,1.0,0.8,800,1000,0.6
25,2026-09-27T21:12:46.898802,THE GREATEST TCTATT,0.6278,,background,False,19,3,28,0,0,732,166,1.0,1.0,0.4,0.4,,1.0,0.2,1.0,4.409638554216867,121512,0.0001563631575482,0.3333333333333333,2.0,False,False,0.0,0.9466666666666668,3,0.6,0.1893333333333333,0.75,0.8,800,1000,0.6
26,2026-09-27T21:12:46.899042,ES AIE DEVELOPER,0.4564,,background,False,16,3,29,0,0,642,179,1.0,1.0,0.4,0.0,,1.0,0.2,1.0,3.5865921787709496,114918,0.0001392297116204,0.0,0.5,False,False,0.0,0.4916666666666667,3,0.6,0.0983333333333333,0.75,0.1,800,1000,0.6
27,2026-09-27T21:12:46.899220,Adaptation : Lee hyunmin,0.4604,,background,False,24,4,29,0,0,228,20,1.0,0.3,0.6,0.0,,1.0,0.6,0.9523809523809524,11.4,4560,0.0052631578947368,0.0,0.5,True,False,0.0,0.7055555555555555,4,0.3,0.1411111111111111,0.75,0.1,800,1000,0.6
28,2026-09-27T21:12:46.899395,Original Story : BK_Moon,0.4547,,background,False,24,4,29,0,0,221,20,1.0,0.3,0.6,0.0,,1.0,0.6,0.9047619047619048,11.05,4420,0.0054298642533936,0.0,0.5,True,False,0.0,0.3,4,0.3,0.06,0.75,0.1,800,1000,0.6
29,2026-09-27T21:12:46.899566,Art : Kim Hyunsoo,0.4547,,background,False,17,4,29,0,0,160,19,1.0,0.3,0.6,0.0,,1.0,0.6,0.9285714285714286,8.421052631578947,3040,0.0055921052631578,0.0,0.5,True,False,0.0,0.3,4,0.3,0.06,0.75,0.1,800,1000,0.6
30,2026-09-27T21:12:46.899803,XX,0.3852,background,background,False,2,1,31,0,0,18,15,1.0,0.7,0.2,0.0,,1.0,0.2,1.0,1.2,270,0.0074074074074074,0.0,0.5,False,False,0.0,0.3,1,0.3,0.06,0.5,0.1,800,1000,0.6
31,2026-09-27T21:12:46.899969,A FEW YEARS AGO ...,0.7667,dialogue,dialogue,False,19,5,31,0,0,209,63,1.0,1.0,1.0,0.7,,1.0,1.0,1.0,3.3174603174603177,13167,0.0014430014430014,0.5,1.5,True,True,0.0,0.3,5,1.0,0.06,0.75,0.3,800,1000,0.6
32,2026-09-27T21:12:46.900299,"DING ALARM YOU HAVE BEEN CHOSEN TO HAVE A RANDOM WISH GRANTED BY THE "" ABSOLUTE "" !",0.7841,dialogue,dialogue,False,83,18,32,0,0,583,467,1.0,0.7,0.4,0.7,,1.0,1.0,0.984375,1.2483940042826551,272261,0.0003048545329665,0.5333333333333333,2.26,True,True,0.0,0.6524590163934426,18,0.6,0.1304918032786885,0.9,0.8,800,1000,0.6
33,2026-09-27T21:12:46.900436,DONG,0.4546,,background,False,4,1,32,0,0,262,145,1.0,0.7,1.0,0.0,,1.0,0.2,1.0,1.806896551724138,37990,0.0001052908660173,0.0,0.5,False,False,0.0,1.4,1,0.6,0.2799999999999999,0.5,0.1,800,1000,0.6
34,2026-09-27T21:12:46.900716,DING CONGRATS :) CLAP CLAP CLAP DONG,0.5212,,background,False,36,7,33,0,0,708,492,1.0,0.7,0.4,0.0,,1.0,0.6,0.9333333333333332,1.4390243902439024,348336,0.000103348491112,0.0,0.5,True,False,0.0,0.6538461538461539,7,0.6,0.1307692307692307,1.0,0.1,800,1000,0.6
35,2026-09-27T21:12:46.900971,CLAP CONGRATS CLAP CLAP,0.429,background,background,False,23,4,34,0,0,77,149,1.0,0.3,1.0,0.0,,1.0,0.2,1.0,0.5167785234899329,11473,0.0020047067026932,0.0,0.5,False,False,0.0,0.4666666666666667,4,0.5,0.0933333333333333,0.75,0.1,800,974,0.6
36,2026-09-27T21:12:46.901283,"YOU ARE NOW A CHARACTER OF "" KNIGHT OF BLOOD AND IRON . """,0.7936,dialogue,dialogue,False,57,14,35,0,0,330,133,1.0,1.0,0.6,0.7,,1.0,0.6,0.9534883720930232,2.481203007518797,43890,0.0012987012987012,0.6363636363636364,2.4272727272727272,True,False,0.0,0.7564102564102564,14,1.0,0.1512820512820512,1.0,0.8,800,600,0.6
37,2026-09-27T21:12:46.901576,KNIGHT OF BLOOD AND IRON ... ? THE BOOK I READ LAST NIGHT ... ?,0.7929,dialogue,dialogue,False,63,15,36,0,0,399,144,1.0,1.0,0.6,0.7,,1.0,1.0,0.9534883720930232,2.7708333333333335,57456,0.0010964912280701,0.5454545454545454,1.981818181818182,True,True,0.0,0.7461538461538462,15,1.0,0.1492307692307692,1.0,0.3963636363636363,800,1000,0.6
38,2026-09-27T21:12:46.901765,"OF NOW YOU "" A KNIGHT CHARACTER ARE AND OF IRON BLOOD",0.6615,,dialogue,False,53,12,36,0,0,124,147,1.0,0.3,1.0,0.7,,1.0,0.2,1.0,0.8435374149659864,18228,0.0029076146587667,0.6363636363636364,2.4272727272727272,False,False,0.0,0.8179487179487179,12,0.5,0.1635897435897436,1.0,0.8,800,1000,0.6
39,2026-09-27T21:12:46.902050,GOOD LUCK ! YOU'VE GOT THIS ! YEAH ! POR рор,0.6656,,dialogue,False,44,11,37,0,0,752,299,1.0,1.0,0.4,0.7,,1.0,0.6,0.8823529411764706,2.5150501672240804,224848,0.0001956877535045,0.5,1.3125,True,False,0.0,0.6559999999999999,11,0.6,0.1311999999999999,1.0,0.2625,800,1000,0.6
40,2026-09-27T21:12:46.902299,A WISH ? GOOD LUCK WITH WHAT ?,0.8675,dialogue,dialogue,False,30,8,38,0,0,293,105,1.0,1.0,1.0,0.7,,1.0,1.0,0.9130434782608696,2.7904761904761903,30765,0.0009751340809361,0.6666666666666666,2.433333333333333,True,True,0.0,0.8894736842105262,8,1.0,0.1778947368421052,1.0,0.8,800,1000,0.6
41,2026-09-27T21:12:46.902466,I HAVEN'T EVEN HAD ANYTHING TO DRINK ...,0.7367,dialogue,dialogue,False,40,8,38,0,0,375,66,1.0,0.7,1.0,0.7,,1.0,1.0,0.9666666666666668,5.681818181818182,24750,0.0016161616161616,0.7142857142857143,1.8285714285714287,True,True,0.0,0.8444444444444444,8,0.5,0.1688888888888889,1.0,0.3657142857142857,800,1000,0.6
42,2026-09-27T21:12:46.902798,OH ! IS THIS ONE OF THOSE WEB NOVELS WHERE I'VE POSSESSED SOMEONE FROM A DIFFERENT WORLD ?,0.7617,dialogue,dialogue,False,90,18,39,0,0,398,227,1.0,0.7,0.6,0.7,,1.0,1.0,0.958904109589041,1.753303964757709,90346,0.0009961702787063,0.6875,1.6625,True,True,0.0,0.7720588235294118,18,1.0,0.1544117647058823,0.9,0.3325,800,1000,0.6
43,2026-09-27T21:12:46.903048,AM I IN A DIFFERENT WORLD ?!,0.9094,dialogue,dialogue,False,28,7,40,0,0,263,106,1.0,1.0,1.0,1.0,,1.0,1.0,0.9090909090909092,2.481132075471698,27878,0.001004376210632,1.0,2.4333333333333336,True,True,0.0,0.6722222222222222,7,1.0,0.1344444444444444,1.0,0.8,800,1000,0.6
44,2026-09-27T21:13:11.739804,SO THEN ...,0.8144,dialogue,dialogue,False,11,3,0,0,0,176,25,1.0,0.5,0.6,1.0,,1.0,1.0,1.0,7.04,4400,0.0025,1.0,2.5,True,True,0.0,1.35,3,0.5,0.27,0.75,0.8,800,1000,0.6
45,2026-09-27T21:13:11.740020,... WHY AM I WAKING UP FACE DOWN ON A DIRT,0.7365,dialogue,dialogue,False,42,11,0,0,0,288,108,1.0,1.0,1.0,0.7,,1.0,0.6,1.0,2.6666666666666665,31104,0.0013503086419753,0.7,1.84,True,False,0.0,0.4481481481481481,11,1.0,0.0896296296296296,1.0,0.368,800,1000,0.6
46,2026-09-27T21:13:11.740247,ROAD ?!,0.6542,,dialogue,False,7,2,1,0,0,117,22,0.8,0.7,0.6,0.0,,1.0,2.0,0.6666666666666666,5.318181818181818,2574,0.0027195027195027,0.0,0.5,True,True,0.0,0.3,2,0.5,0.06,0.6,0.1,800,1000,0.6
47,2026-09-27T21:13:11.740480,UGH ... IT'S FREEZING ...,0.7074,dialogue,dialogue,False,25,5,2,0,0,193,65,1.0,1.0,1.0,0.7,,1.0,1.0,0.9333333333333332,2.9692307692307693,12545,0.0019928258270227,0.6666666666666666,1.0333333333333334,True,True,0.0,0.6333333333333333,5,0.5,0.1266666666666666,0.75,0.2066666666666667,800,1000,0.6
48,2026-09-27T21:13:11.740599,SHIVER,0.4581,,background,False,6,1,2,0,0,229,152,1.0,0.7,1.0,0.0,,1.0,0.2,1.0,1.506578947368421,34808,0.0001723741668581,0.0,0.5,False,False,0.0,1.65,1,0.6,0.3299999999999999,0.5,0.1,800,1000,0.6
49,2026-09-27T21:13:11.741218,ACK ! WHAT'S WRONG WITH MY LIPS ?!,0.7917,dialogue,dialogue,False,34,8,3,0,0,262,106,1.0,1.0,1.0,0.7,,1.0,1.0,0.8518518518518519,2.4716981132075473,27772,0.0012242546449661,0.5,1.5,True,True,0.0,0.8333333333333334,8,1.0,0.1666666666666666,1.0,0.3,800,1000,0.6
50,2026-09-27T21:13:11.741486,DING,0.4672,,background,False,4,1,4,0,0,234,165,1.0,0.7,1.0,0.0,,1.0,0.2,1.0,1.4181818181818182,38610,0.0001036001036001,0.0,0.5,False,False,0.0,2.3,1,0.6,0.4599999999999999,0.5,0.1,800,1000,0.6
51,2026-09-27T21:13:11.741922,HEALTH ALERT ! YOUR JAW HAS GONE OUT OF PLACE FROM SLEEPING ON THE GROUND ! ( LAUGH ) DONG,0.6561,,dialogue,False,90,20,5,0,0,525,465,1.0,0.7,0.4,0.7,,1.0,0.6,0.9710144927536232,1.1290322580645162,244125,0.00036866359447,0.5625,1.6875,True,False,0.0,0.7507692307692307,20,0.6,0.1501538461538461,0.9,0.3375,800,1000,0.6
52,2026-09-27T21:13:11.742222,I KNOW THAT ! THESE ALERTS ARE TICKING ME OFF !,0.7899,dialogue,dialogue,False,47,11,6,0,0,341,147,1.0,1.0,0.6,0.7,,1.0,1.0,0.945945945945946,2.3197278911564627,50127,0.0009376184491391,0.7777777777777778,1.7777777777777777,True,True,0.0,0.9666666666666668,11,1.0,0.1933333333333333,1.0,0.3555555555555555,800,1000,0.6
53,2026-09-27T21:13:11.742359,www.rck KYAA !,0.5387,,background,False,14,3,6,0,0,334,410,1.0,0.3,0.4,0.0,,1.0,1.0,0.9,0.8146341463414634,136940,0.0001022345552796,0.0,0.5,True,True,0.0,0.3,3,0.6,0.06,0.75,0.1,800,1000,0.6
54,2026-09-27T21:13:11.742671,SO I GET THAT I'VE TAKEN OVER SOME CHARACTER IN THIS STORY ...,0.8547,dialogue,dialogue,False,62,13,7,0,0,408,148,1.0,1.0,0.6,0.7,,1.0,1.0,0.9787234042553192,2.756756756756757,60384,0.0010267620561738,0.75,2.3666666666666667,True,True,0.0,0.8386363636363636,13,1.0,0.1677272727272727,1.0,0.8,800,1000,0.6
55,2026-09-27T21:13:11.742926,A THIS THIS IS IS ? DREAM REAL ... ? FOR,0.7962,dialogue,dialogue,False,40,11,8,0,0,213,153,1.0,0.7,1.0,0.7,,1.0,0.6,0.925925925925926,1.392156862745098,32589,0.0012274080211114,0.75,2.2125,True,False,0.0,1.1565217391304348,11,1.0,0.2313043478260869,1.0,0.8,800,1000,0.6
56,2026-09-27T21:13:11.743075,WHO HAVE I TAKEN OVER ? IN,0.8766,dialogue,dialogue,False,26,7,8,0,0,303,66,1.0,1.0,1.0,1.0,,1.0,0.6,0.95,4.590909090909091,19998,0.0013001300130013,0.8333333333333334,3.016666666666667,True,False,0.0,0.4705882352941176,7,1.0,0.0941176470588235,1.0,1.0,800,1000,0.6
57,2026-09-27T21:13:11.743444,""" KNIGHT OF BLOOD AND IRON "" ... THE ONLY PERSON WHO LIVED IN THE MIDDLE OF NOWHERE AND FELL ASLEEP ON THE GROUND WAS ...",0.8421,dialogue,dialogue,False,121,26,9,0,0,658,314,1.0,1.0,0.4,0.7,,1.0,1.0,1.0,2.0955414012738856,206612,0.0005856387818713,0.5909090909090909,2.3545454545454545,True,True,0.0,0.8616279069767441,26,1.0,0.1723255813953488,0.9,0.8,800,1000,0.6
58,2026-09-27T21:13:11.743566,MASTER LLOYD .,0.5518,,dialogue,False,14,3,9,0,0,257,25,1.0,0.3,1.0,0.0,,1.0,1.0,0.9166666666666666,10.28,6425,0.0021789883268482,0.0,0.5,True,True,0.0,0.6666666666666666,3,0.5,0.1333333333333333,0.75,0.1,800,1000,0.6
59,2026-09-27T21:13:11.743794,THERE YOU ARE .,0.8275,dialogue,dialogue,False,15,4,10,0,0,270,26,1.0,0.3,1.0,1.0,,1.0,1.0,0.9166666666666666,10.384615384615383,7020,0.0021367521367521,1.0,2.4,True,True,0.0,2.1444444444444444,4,0.5,0.4288888888888889,0.75,0.8,800,1000,0.6
60,2026-09-27T21:13:11.744036,I'VE BEEN LOOKING EVERYWHERE FOR YOU . STEP,0.6623,,dialogue,False,43,8,11,0,0,595,395,1.0,0.7,0.4,0.7,,1.0,0.6,0.9444444444444444,1.5063291139240509,235025,0.0001829592596532,0.5714285714285714,1.4714285714285715,True,False,0.0,1.15625,8,0.6,0.23125,1.0,0.2942857142857143,800,1000,0.6
61,2026-09-27T21:13:11.744166,1:25,0.0,background,background,False,4,1,12,0,0,356,152,,0.0,0.0,,True,,0.0,,0.0,0,0.0,,,False,False,,,0,0.0,,0.0,,800,1000,0.6
62,2026-09-27T21:13:11.744418,LET US RETURN TO THE MANOR .,0.8008,dialogue,dialogue,False,28,7,14,0,0,261,104,1.0,1.0,1.0,0.7,,1.0,1.0,0.9545454545454546,2.5096153846153846,27144,0.0010315355142941,0.6666666666666666,1.95,True,True,0.0,0.5210526315789474,7,1.0,0.1042105263157894,1.0,0.39,800,1000,0.6
63,2026-09-27T21:13:11.744724,"THE PROTAGONIST OF "" KNIGHT OF BLOOD AND IRON "" JAVIER ASRAHAN",0.6861,,dialogue,False,62,12,16,0,0,451,194,1.0,1.0,0.6,0.4,,1.0,0.2,1.0,2.3247422680412373,87494,0.0007086200196584,0.4,2.17,False,False,0.0,0.5787234042553191,12,1.0,0.1157446808510638,1.0,0.8,800,1000,0.6
64,2026-09-27T21:13:11.744844,HE,0.7052,dialogue,dialogue,False,2,1,16,0,0,42,20,1.0,1.0,0.2,1.0,,1.0,0.2,1.0,2.1,840,0.0023809523809523,1.0,3.8,False,False,0.0,0.3,1,0.5,0.06,0.5,1.0,800,1000,0.6
65,2026-09-27T21:13:11.745066,LOOKS JUST LIKE IN THE BOOK ...,0.8121,dialogue,dialogue,False,31,7,17,0,0,282,66,1.0,1.0,1.0,0.7,,1.0,1.0,1.0,4.2727272727272725,18612,0.001665592091124,0.6666666666666666,2.5500000000000003,True,True,0.0,0.51,7,0.5,0.102,1.0,0.8,800,1000,0.6
66,2026-09-27T21:13:11.745275,DID HE JUST CALL ME LLOYD ?,0.8277,dialogue,dialogue,False,27,7,18,0,0,282,66,1.0,1.0,0.6,1.0,,1.0,1.0,0.9523809523809524,4.2727272727272725,18612,0.0014506769825918,0.8333333333333334,1.7166666666666668,True,True,0.0,0.5888888888888889,7,1.0,0.1177777777777777,1.0,0.3433333333333334,800,348,0.6
67,2026-09-27T21:13:11.745526,"IN THE BOOK , HE IS JAVIER , THE RENOWNED SWORDSMAN !",0.8538,dialogue,dialogue,False,53,12,19,0,0,334,147,1.0,1.0,0.6,0.7,,1.0,1.0,0.9285714285714286,2.272108843537415,49098,0.0010794737056499,0.5555555555555556,2.3,True,True,0.0,0.7702702702702703,12,1.0,0.154054054054054,1.0,0.8,800,1000,0.6
68,2026-09-27T21:13:11.745811,"BUT HE STARTS OFF AS AN UNKNOWN KNIGHT WORKING FOR THE COUNTRY LORD , ARCOS FRONTERA .",0.7368,dialogue,dialogue,False,86,17,21,0,0,487,151,1.0,1.0,0.6,0.4,,1.0,1.0,0.9714285714285714,3.225165562913907,73537,0.0011694793097352,0.4666666666666667,1.8533333333333333,True,True,0.0,0.7287878787878788,17,1.0,0.1457575757575757,0.9,0.3706666666666666,800,1000,0.6
69,2026-09-27T21:13:11.746010,XXXX,0.4002,background,background,False,4,1,22,0,0,34,16,1.0,1.0,0.2,0.0,,1.0,0.2,1.0,2.125,544,0.0073529411764705,0.0,0.5,False,False,0.0,0.3,1,0.3,0.06,0.5,0.1,800,1000,0.6
70,2026-09-27T21:13:11.746211,AND THE ELDEST SON OF BARON FRONTERA IS--,0.7605,dialogue,dialogue,False,41,8,22,0,0,385,109,1.0,1.0,1.0,0.4,,1.0,0.6,0.9411764705882352,3.532110091743119,41965,0.0009770046467294,0.375,2.075,True,False,0.0,0.75,8,1.0,0.15,1.0,0.8,800,1000,0.6
71,2026-09-27T21:13:11.746437,"I'M THE HOOLIGAN , LLOYD FRONTERA ?!",0.6898,,dialogue,False,36,7,23,0,0,478,173,1.0,1.0,0.6,0.4,,1.0,1.0,0.8666666666666667,2.7630057803468207,82694,0.000435339927927,0.4,1.4,True,True,0.0,0.7000000000000001,7,0.6,0.14,1.0,0.2799999999999999,800,1000,0.6
72,2026-09-27T21:13:11.746690,"I CALLED YOUR NAME , BUT I HAVE NEVER CALLED YOU A HOOLIGAN .",0.8655,dialogue,dialogue,False,61,14,26,0,0,324,147,1.0,1.0,1.0,0.7,,1.0,1.0,0.9583333333333334,2.204081632653061,47628,0.0012807592172671,0.6666666666666666,2.441666666666667,True,True,0.0,0.7477272727272727,14,1.0,0.1495454545454545,1.0,0.8,800,1000,0.6
73,2026-09-27T21:13:11.746927,"WELL , IT'S GOOD THAT YOU ARE SELF - AWARE AT LEAST .",0.8563,dialogue,dialogue,False,53,13,27,0,0,348,145,1.0,1.0,0.6,0.7,,1.0,1.0,0.925,2.4,50460,0.0010503369005152,0.7,2.01,True,True,0.0,0.9485714285714286,13,1.0,0.1897142857142857,1.0,0.8,800,1000,0.6
74,2026-09-27T21:13:11.747132,SHIRK,0.4542,,background,False,5,1,28,0,0,157,74,1.0,1.0,1.0,0.0,,1.0,0.2,1.0,2.1216216216216215,11618,0.0004303666724048,0.0,0.5,False,False,0.0,0.3,1,0.6,0.06,0.5,0.1,800,1000,0.6
75,2026-09-27T21:13:11.747535,JAVIER SEEMS TO BE IN A GOOD MOOD . HEH . I CAN SEE THAT ! SHUT UP ALREADY !,0.7981,dialogue,dialogue,False,76,20,28,0,0,586,280,1.0,1.0,0.4,0.7,,1.0,1.0,0.9298245614035088,2.092857142857143,164080,0.0004631886884446,0.625,2.48125,True,True,0.0,0.5784313725490197,20,0.6,0.1156862745098039,0.9,0.8,800,1000,0.6
76,2026-09-27T21:13:11.747766,H,0.3852,background,background,False,1,1,30,0,0,14,17,1.0,0.3,0.2,0.0,,1.0,0.2,1.0,0.8235294117647058,238,0.0042016806722689,0.0,0.5,False,False,0.0,0.3,1,0.5,0.06,0.5,0.1,800,1000,0.6
77,2026-09-27T21:13:11.748056,SO YOU HAVE NO IDEA HOW YOU ENDED UP LIKE THAT ?,0.9105,dialogue,dialogue,False,48,12,32,0,0,416,106,1.0,1.0,1.0,1.0,,1.0,1.0,0.972972972972973,3.924528301886793,44096,0.001088534107402,0.8181818181818182,2.690909090909091,True,True,0.0,0.7470588235294118,12,1.0,0.1494117647058823,1.0,0.8,800,1000,0.6
78,2026-09-27T21:13:11.748303,"YOU STARTED DRINKING IN THE AFTERNOON , GOT DRUNK , DESTROYED THE PUB FURNITURE , AND THEN YOU PASSED OUT ON YOUR WAY BACK",0.7391,dialogue,dialogue,False,122,24,32,0,0,698,322,1.0,1.0,0.4,0.7,,1.0,0.6,0.9696969696969696,2.1677018633540373,224756,0.000542810870455,0.5714285714285714,2.195238095238095,True,False,0.0,0.7904255319148936,24,1.0,0.1580851063829787,0.3,0.8,800,1000,0.6
79,2026-09-27T21:13:11.748483,TO THE MANOR .,0.7941,dialogue,dialogue,False,14,4,33,0,0,260,26,1.0,0.3,1.0,0.7,,1.0,1.0,0.9090909090909092,10.0,6760,0.0020710059171597,0.6666666666666666,3.4,True,True,0.0,0.825,4,0.5,0.1649999999999999,0.75,1.0,800,1000,0.6
80,2026-09-27T21:13:11.748580,THAT,0.7514,dialogue,dialogue,False,4,1,33,0,0,83,27,1.0,1.0,0.2,1.0,,1.0,0.2,1.0,3.074074074074074,2241,0.001784917447568,1.0,4.3,False,False,0.0,3.6,1,0.5,0.72,0.5,1.0,800,1000,0.6
81,2026-09-27T21:13:11.748817,REALLY IS THE DAY IN THE LIFE OF A HOOLIGAN .,0.9102,dialogue,dialogue,False,45,11,34,0,0,324,106,1.0,1.0,1.0,1.0,,1.0,1.0,0.9714285714285714,3.056603773584906,34344,0.0013102725366876,0.9,2.6,True,True,0.0,0.728125,11,1.0,0.145625,1.0,0.8,800,1000,0.6
82,2026-09-27T21:13:11.748949,HIS LORDSHIP WAS WORRIED AND HE SENT ME .,0.8652,dialogue,dialogue,False,41,9,34,0,0,317,105,1.0,1.0,1.0,0.7,,1.0,1.0,0.9696969696969696,3.019047619047619,33285,0.0012317860898302,0.625,2.05,True,True,0.0,0.73,9,1.0,0.146,1.0,0.8,800,1000,0.6
83,2026-09-27T21:13:11.749068,"YOU MAY BE A HOOLIGAN ,",0.8472,dialogue,dialogue,False,23,6,34,0,0,272,69,1.0,1.0,1.0,1.0,,1.0,0.6,0.9444444444444444,3.9420289855072466,18768,0.0012254901960784,0.8,2.82,True,False,0.0,0.5133333333333333,6,1.0,0.1026666666666666,1.0,0.8,800,1000,0.6
84,2026-09-27T21:13:11.749338,"BUT YOU ARE HIS SON . IF YOU DIE ON THE ROAD WITH YOUR JAW OUT OF PLACE , HE WILL BE SAD .",0.8938,dialogue,dialogue,False,90,24,35,0,0,479,148,1.0,1.0,0.6,1.0,,1.0,1.0,0.9552238805970148,3.2364864864864864,70892,0.0012695367601421,0.8095238095238095,2.623809523809524,True,True,0.0,0.9112903225806452,24,1.0,0.182258064516129,0.9,0.8,800,1000,0.6
85,2026-09-27T21:13:11.749469,HE REALLY SNEAKS THOSE ATTACKS IN THERE .,0.8056,dialogue,dialogue,False,41,8,35,0,0,311,141,1.0,1.0,1.0,0.7,,1.0,1.0,0.9705882352941176,2.2056737588652484,43851,0.0009349843789195,0.7142857142857143,1.8714285714285712,True,True,0.0,1.032258064516129,8,1.0,0.2064516129032258,1.0,0.3742857142857143,800,1000,0.6
86,2026-09-27T21:13:11.749850,"BRR ... IT'S COLD ... IF THE FLOOR COULD JUST BE A HEATED ONDOL ... * TRADITIONAL KOREAN DIDN'T YEAH , I UNDERFLOOR HEATING SYSTEM THINK SO . THIS IS A MEDIEVAL FANTASY NOVEL . SHIVER",0.6904,,dialogue,False,183,36,36,0,0,707,491,1.0,0.7,0.4,0.7,,1.0,0.6,0.9637681159420288,1.439918533604888,347137,0.0005271693884547,0.5172413793103449,1.7620689655172417,True,False,0.0,0.683969465648855,36,1.0,0.136793893129771,0.8,0.3524137931034483,800,1000,0.6
87,2026-09-27T21:13:11.749954,SHIVER,0.4981,,background,False,6,1,36,0,0,129,68,1.0,0.7,1.0,0.0,,1.0,0.2,1.0,1.8970588235294117,8772,0.0006839945280437,0.0,0.5,False,False,0.0,1.65,1,1.0,0.3299999999999999,0.5,0.1,800,1000,0.6
88,2026-09-27T21:13:11.750140,COLD,0.4392,background,background,False,4,1,37,0,0,121,81,1.0,0.7,1.0,0.0,,1.0,0.2,1.0,1.4938271604938271,9801,0.0004081216202428,0.0,0.5,False,False,0.0,0.3,1,0.6,0.06,0.5,0.1,800,1000,0.6
89,2026-09-27T21:13:11.750356,"I WILL LEAVE YOU TO REST , SIR . I WILL REPORT WHAT HAPPENED TO HIS LORDSHIP TOMORROW .",0.8309,dialogue,dialogue,False,87,19,37,0,0,416,224,1.0,0.7,0.6,0.7,,1.0,1.0,0.9565217391304348,1.8571428571428572,93184,0.0009336366758241,0.6875,2.35625,True,True,0.0,0.709375,19,1.0,0.141875,0.9,0.8,800,1000,0.6
90,2026-09-27T21:13:11.750559,DO YOU HAVE TO ?,0.8717,dialogue,dialogue,False,16,5,38,0,0,159,65,1.0,1.0,1.0,1.0,,1.0,1.0,0.9166666666666666,2.4461538461538463,10335,0.001548137397194,1.0,4.1,True,True,0.0,0.6555555555555556,5,0.5,0.1311111111111111,0.75,1.0,800,1000,0.6
91,2026-09-27T21:13:11.750681,YES . HE'S SO UPTIGHT ..,0.7225,dialogue,dialogue,False,24,6,38,0,0,306,168,1.0,0.7,0.6,0.7,,1.0,1.0,0.7894736842105263,1.8214285714285712,51408,0.0004668534080298,0.75,1.5,True,True,0.0,0.676923076923077,6,0.6,0.1353846153846153,1.0,0.3,800,1000,0.6
92,2026-09-27T21:13:11.750993,WAIT ... JAVIER .,0.6637,,dialogue,False,17,4,39,0,0,248,25,1.0,0.3,0.6,0.7,,1.0,1.0,0.9090909090909092,9.92,6200,0.0027419354838709,0.5,1.3,True,True,0.0,0.3,4,0.5,0.06,0.75,0.26,800,1000,0.6
93,2026-09-27T21:13:11.751206,"YES , MASTER LLOYD ?",0.7126,dialogue,dialogue,False,20,5,40,0,0,220,70,1.0,1.0,1.0,0.4,,1.0,1.0,0.875,3.142857142857143,15400,0.0012987012987012,0.3333333333333333,1.0666666666666669,True,True,0.0,0.5750000000000001,5,1.0,0.115,0.75,0.2133333333333333,800,1000,0.6
94,2026-09-27T21:13:11.751353,"OUR FAMILY ... HAS A LOT OF DEBT , DON'T WE ?",0.7988,dialogue,dialogue,False,45,12,40,0,0,340,105,1.0,1.0,1.0,0.7,,1.0,1.0,0.9032258064516128,3.238095238095238,35700,0.0012605042016806,0.6666666666666666,1.8666666666666667,True,True,0.0,0.5538461538461539,12,1.0,0.1107692307692307,1.0,0.3733333333333333,800,1000,0.6
95,2026-09-27T21:13:46.613237,WHAT A STRANGE THING TO SAY ...,0.8196,dialogue,dialogue,False,31,7,1,0,0,293,66,1.0,1.0,1.0,0.7,,1.0,1.0,1.0,4.4393939393939394,19338,0.0016030613300237,0.6666666666666666,2.733333333333333,True,True,0.0,1.04,7,0.5,0.208,1.0,0.8,800,512,0.6
96,2026-09-27T21:13:46.613420,CLACK,0.4542,,background,False,5,1,2,0,0,171,79,1.0,1.0,1.0,0.0,,1.0,0.2,1.0,2.1645569620253164,13509,0.0003701236212895,0.0,0.5,False,False,0.0,0.3,1,0.6,0.06,0.5,0.1,800,1000,0.6
97,2026-09-27T21:13:46.613636,I KNOW EVERYTHING THAT HAPPENS IN THIS STORY .,0.8729,dialogue,dialogue,False,46,9,4,0,0,306,147,1.0,1.0,1.0,0.7,,1.0,1.0,0.9736842105263158,2.0816326530612246,44982,0.0010226312747321,0.625,2.55,True,True,0.0,1.28,9,1.0,0.256,1.0,0.8,800,1000,0.6
98,2026-09-27T21:13:46.613856,"JUST LAST NIGHT , IN MY MICROSCOPIC BOARDING HOUSE ROOM ... I READ THE LAST CHAPTER .",0.7545,dialogue,dialogue,False,85,17,5,0,0,531,278,1.0,0.7,0.4,0.7,,1.0,1.0,0.9696969696969696,1.910071942446043,147618,0.0005758105380102,0.5714285714285714,1.6857142857142855,True,True,0.0,0.6370967741935484,17,1.0,0.1274193548387096,0.9,0.3371428571428571,800,1000,0.6
99,2026-09-27T21:13:46.613999,E,0.3852,background,background,False,1,1,6,0,0,16,17,1.0,0.3,0.2,0.0,,1.0,0.2,1.0,0.9411764705882352,272,0.0036764705882352,0.0,0.5,False,False,0.0,0.3,1,0.5,0.06,0.5,0.1,800,1000,0.6
100,2026-09-27T21:13:46.614204,☐,0.1563,background,background,False,1,1,6,0,0,29,31,0.0,0.3,0.2,0.0,,0.01,0.0,0.0,0.935483870967742,899,0.0011123470522803,0.0,0.5,False,False,0.99,0.3,1,1.0,0.0,0.5,0.0,800,1000,0.6
101,2026-09-27T21:13:46.614341,AND OF COURSE I KNOW WHAT HAPPENS TO LLOYD .,0.868,dialogue,dialogue,False,44,10,6,0,0,372,106,1.0,1.0,1.0,0.7,,1.0,1.0,0.9714285714285714,3.509433962264151,39432,0.0011158449989855,0.6666666666666666,2.7555555555555555,True,True,0.0,0.925,10,1.0,0.185,1.0,0.8,800,1000,0.6
102,2026-09-27T21:13:46.614583,"PART ONE ! THE BARON AND BARONESS FALL PREY TO AN EVIL CONMAN , LOSE ALL OF THEIR LAND AND FORTUNE , AND COMMIT SUICIDE !",0.8264,dialogue,dialogue,False,121,26,7,0,0,453,267,1.0,0.7,0.4,0.7,,1.0,1.0,0.9583333333333334,1.696629213483146,120951,0.0010004051227356,0.5454545454545454,2.0818181818181816,True,True,0.0,0.8133333333333334,26,1.0,0.1626666666666666,0.9,0.8,800,1000,0.6
103,2026-09-27T21:13:46.614665,DUM DU -,0.5047,,background,False,8,3,7,0,0,417,249,1.0,0.7,0.6,0.0,,1.0,0.6,0.8333333333333334,1.6746987951807228,103833,7.704679629790143e-05,0.0,0.5,True,False,0.0,0.3,3,0.6,0.06,0.75,0.1,800,1000,0.6
104,2026-09-27T21:13:46.614881,"THEN BECOMES A BEGGAR , DRINKING ALL DAY LONG , AND THEN HE ...",0.8392,dialogue,dialogue,False,63,14,9,0,0,344,186,1.0,0.7,0.6,0.7,,1.0,1.0,0.9574468085106383,1.8494623655913975,63984,0.0009846211552888,0.7272727272727273,2.0636363636363635,True,True,0.0,0.8023255813953488,14,1.0,0.1604651162790697,1.0,0.8,800,1000,0.6
105,2026-09-27T21:13:46.614959,TUD,0.4272,background,background,False,3,1,9,0,0,345,262,1.0,0.7,0.6,0.0,,1.0,0.2,1.0,1.316793893129771,90390,3.318951211417192e-05,0.0,0.5,False,False,0.0,0.3,1,0.6,0.06,0.5,0.1,800,1000,0.6
106,2026-09-27T21:13:46.615070,BEER ! BRING ME MORE BEER !,0.7701,dialogue,dialogue,False,27,7,9,0,0,272,106,1.0,1.0,1.0,0.7,,1.0,1.0,0.9047619047619048,2.5660377358490565,28832,0.0009364594894561,0.6,0.92,True,True,0.0,0.5352941176470588,7,1.0,0.1070588235294117,1.0,0.184,800,1000,0.6
107,2026-09-27T21:13:46.615224,... COUGHS UP BLOOD AND DIES !,0.75,dialogue,dialogue,False,30,7,10,0,0,249,105,1.0,1.0,1.0,0.4,,1.0,1.0,0.9523809523809524,2.371428571428571,26145,0.0011474469305794,0.4,1.7600000000000002,True,True,0.0,0.5166666666666667,7,1.0,0.1033333333333333,1.0,0.352,800,1000,0.6
108,2026-09-27T21:13:46.615302,LATTER,0.4537,,background,False,6,1,10,0,0,528,195,1.0,1.0,0.6,0.0,,1.0,0.2,1.0,2.707692307692308,102960,5.8275058275058275e-05,0.0,0.5,False,False,0.0,1.125,1,0.6,0.225,0.5,0.1,800,1000,0.6
109,2026-09-27T21:13:46.615455,GLURGH !,0.7712,dialogue,background,False,8,2,11,0,0,149,43,1.0,1.0,1.0,0.0,,1.0,2.0,0.8571428571428571,3.4651162790697674,6407,0.0012486343062275,0.0,0.5,True,True,0.0,0.3,2,1.0,0.06,0.6,0.1,800,1000,0.6
110,2026-09-27T21:13:46.615636,GAH ! WHAT'S THE POINT OF BEING AN ARISTOCRAT THEN ?!,0.7771,dialogue,dialogue,False,53,11,12,0,0,325,185,1.0,0.7,0.6,0.7,,1.0,1.0,0.9069767441860463,1.7567567567567568,60125,0.0008814968814968,0.7777777777777778,1.9333333333333331,True,True,0.0,0.7945945945945946,11,1.0,0.1589189189189189,1.0,0.3866666666666666,800,1000,0.6
111,2026-09-27T21:13:46.615727,SPRING,0.4352,background,background,False,6,1,12,0,0,441,324,1.0,0.7,0.4,0.0,,1.0,0.2,1.0,1.3611111111111112,142884,4.1992105484168974e-05,0.0,0.5,False,False,0.0,1.3,1,0.6,0.26,0.5,0.1,800,1000,0.6
112,2026-09-27T21:13:46.615917,"IT'S THE SAME MISERABLE LIFE , LIKE IT WAS IN KOREA !",0.8926,dialogue,dialogue,False,53,12,13,0,0,286,145,1.0,0.7,1.0,1.0,,1.0,1.0,0.9285714285714286,1.972413793103448,41470,0.001278032312515,0.8,2.06,True,True,0.0,0.5432432432432432,12,1.0,0.1086486486486486,1.0,0.8,800,1000,0.6
113,2026-09-27T21:13:46.616096,WHAT THE HECK KIND OF GUY IS THIS ABSOLUTE ?!,0.8661,dialogue,dialogue,False,45,10,14,0,0,347,105,1.0,1.0,1.0,0.7,,1.0,1.0,0.9444444444444444,3.304761904761905,36435,0.00123507616303,0.5555555555555556,2.066666666666667,True,True,0.0,0.79375,10,1.0,0.15875,1.0,0.8,800,1000,0.6
114,2026-09-27T21:13:46.616174,ALARM,0.4822,,background,False,5,1,14,0,0,166,36,1.0,1.0,0.6,0.0,,1.0,0.2,1.0,4.611111111111111,5976,0.0008366800535475,0.0,0.5,False,False,0.0,0.3,1,1.0,0.06,0.5,0.1,800,1000,0.6
115,2026-09-27T21:13:46.616311,YOU HAVE BEEN CHOSEN TO HAVE A RANDOM WISH GRANTED BY THE,0.7328,dialogue,dialogue,False,57,12,14,0,0,461,107,1.0,1.0,0.6,0.7,,1.0,0.2,1.0,4.308411214953271,49327,0.0011555537535224,0.6666666666666666,2.6999999999999997,False,False,0.0,0.6977272727272728,12,1.0,0.1395454545454545,1.0,0.8,800,1000,0.6
116,2026-09-27T21:13:46.616450,""" ABSOLUTE "" !",0.5347,,dialogue,False,14,4,15,0,0,222,25,1.0,0.3,0.6,0.0,,1.0,1.0,0.8888888888888888,8.88,5550,0.0025225225225225,0.0,0.5,True,True,0.0,0.3,4,0.5,0.06,0.75,0.1,800,1000,0.6
117,2026-09-27T21:13:46.616651,WHAT DID I WISH FOR THAT WOULD PUT ME IN THE BODY OF SOMEONE WITH SUCH AN ENDING ?!,0.8331,dialogue,dialogue,False,83,19,15,0,0,406,228,1.0,0.7,0.6,0.7,,1.0,1.0,0.9692307692307692,1.780701754385965,92568,0.0008966381470918,0.7222222222222222,2.5277777777777777,True,True,0.0,0.8622950819672132,19,1.0,0.1724590163934426,0.9,0.8,800,1000,0.6
118,2026-09-27T21:13:46.616763,0,0.2025,background,background,False,1,1,18,0,0,21,19,0.0,0.7,0.2,0.0,,0.91,0.2,0.0,1.105263157894737,399,0.0025062656641604,0.0,0.5,False,False,0.09,0.3,1,0.5,0.06,0.5,0.1,800,1000,0.6
119,2026-09-27T21:13:46.616933,YOU BROKE THINGS AT THE PUB LAST NIGHT ... ?,0.8045,dialogue,dialogue,False,44,10,19,0,0,293,146,1.0,1.0,1.0,0.7,,1.0,1.0,0.96875,2.006849315068493,42778,0.0010285660853709,0.5,1.875,True,True,0.0,0.9448275862068966,10,1.0,0.1889655172413793,1.0,0.375,800,1000,0.6
120,2026-09-27T21:13:46.617068,LLOYD'S MOTHER MARBELLA FRONTERA,0.5199,,background,False,32,4,20,0,0,439,99,1.0,1.0,1.0,0.0,,1.0,0.2,0.9655172413793104,4.434343434343434,43461,0.0007362923080462,0.0,0.5,False,False,0.0,0.8884615384615385,4,1.0,0.1776923076923077,0.75,0.1,800,1000,0.6
121,2026-09-27T21:13:46.617233,"NO . LAST NIGHT , I WAS READING A BOOK .",0.7978,dialogue,dialogue,False,40,11,21,0,0,299,108,1.0,1.0,1.0,0.7,,1.0,1.0,0.9,2.7685185185185186,32292,0.0012386968908708,0.625,1.7,True,True,0.0,0.84,11,1.0,0.1679999999999999,1.0,0.3399999999999999,800,1000,0.6
122,2026-09-27T21:13:46.617397,"I BEG YOU , LLOYD , THIS TIME , GO TO THE PUB AND APOLOGIZE ...",0.832,dialogue,dialogue,False,63,16,22,0,0,292,186,1.0,0.7,0.6,0.7,,1.0,1.0,0.9333333333333332,1.5698924731182795,54312,0.0011599646486964,0.6666666666666666,2.7416666666666667,True,True,0.0,0.7825,16,1.0,0.1565,0.9,0.8,800,1000,0.6
123,2026-09-27T21:13:46.617580,TSK ... I GUESS IT'S A MESS THAT THIS BODY MADE SO I'LL HAVE TO CLEAN IT UP ...,0.8456,dialogue,dialogue,False,79,19,24,0,0,390,147,1.0,1.0,0.6,0.7,,1.0,1.0,0.9636363636363636,2.653061224489796,57330,0.0013779870922728,0.6470588235294118,2.4,True,True,0.0,0.6862745098039216,19,1.0,0.1372549019607843,0.9,0.8,800,741,0.6
124,2026-09-27T21:13:46.617712,SCRATCH,0.4542,,background,False,7,1,25,0,0,224,80,1.0,1.0,1.0,0.0,,1.0,0.2,1.0,2.8,17920,0.000390625,0.0,0.5,False,False,0.0,0.3,1,0.6,0.06,0.5,0.1,800,1000,0.6
125,2026-09-27T21:13:46.617952,YES ... OKAY ... I'LL DO IT .,0.892,dialogue,dialogue,False,29,8,25,0,0,190,105,1.0,0.7,1.0,1.0,,1.0,1.0,0.875,1.8095238095238095,19950,0.001453634085213,1.0,2.5,True,True,0.0,0.5,8,1.0,0.1,1.0,0.8,800,1000,0.6
126,2026-09-27T21:13:46.618309,THESE TWO PEOPLE ARE HIGHLY CONFUSED BY YOUR RESPONSE .,0.6691,,dialogue,False,55,10,26,0,0,527,68,1.0,0.5,1.0,0.4,,1.0,1.0,0.9782608695652174,7.75,35836,0.0015347695055251,0.4444444444444444,1.411111111111111,True,True,0.0,0.8418604651162791,10,0.5,0.1683720930232558,1.0,0.2822222222222222,800,1000,0.6
127,2026-09-27T21:13:46.618517,COULD THEY NOT GIVE ME AT LEAST A LITTLE CREDIT ?!,0.9087,dialogue,dialogue,False,50,11,27,0,0,321,146,1.0,1.0,1.0,1.0,,1.0,1.0,0.95,2.1986301369863015,46866,0.0010668715059958,0.8,2.25,True,True,0.0,0.6194444444444445,11,1.0,0.1238888888888889,1.0,0.8,800,1000,0.6
128,2026-09-27T21:13:46.618700,OOF ...,0.6942,,dialogue,False,7,2,29,0,0,97,28,1.0,1.0,0.6,0.0,,0.5,2.0,1.0,3.4642857142857144,2716,0.0025773195876288,0.0,0.5,True,True,0.5,0.3,2,0.5,0.06,0.6,0.1,800,1000,0.6
129,2026-09-27T21:13:46.618855,HUH ?!,0.8492,dialogue,dialogue,False,6,2,32,0,0,96,25,0.8,1.0,0.6,1.0,,1.0,2.0,0.6,3.84,2400,0.0025,1.0,1.5,True,True,0.0,0.3,2,0.5,0.06,0.6,0.3,800,1000,0.6
130,2026-09-27T21:13:46.619068,[ ་ ་ །།།,0.1355,background,background,False,9,4,33,0,0,47,106,0.0,0.3,0.6,0.0,,0.0,0.0,0.0,0.4433962264150943,4982,0.0018065034122842,0.0,0.5,False,False,1.0,0.3,4,0.5,0.0,0.75,0.0,800,1000,0.6
131,2026-09-27T21:13:46.619195,SCRAMBLE,0.4542,,background,False,8,1,33,0,0,252,117,1.0,1.0,1.0,0.0,,1.0,0.2,1.0,2.1538461538461537,29484,0.0002713336046669,0.0,0.5,False,False,0.0,0.3,1,0.6,0.06,0.5,0.1,800,1000,0.6
132,2026-09-27T21:13:46.619336,"\ 6 ,,",0.273,background,background,False,6,3,34,0,0,77,47,0.0,0.7,0.6,0.0,,0.2766666666666667,0.6,0.0,1.6382978723404256,3619,0.0016579165515335,0.0,0.5,True,False,0.7233333333333333,0.3,3,0.5,0.06,0.75,0.1,800,1000,0.6
133,2026-09-27T21:13:46.619503,SHUFFLE,0.4272,background,background,False,7,1,37,0,0,301,172,1.0,0.7,0.6,0.0,,1.0,0.2,1.0,1.75,51772,0.0001352082206598,0.0,0.5,False,False,0.0,0.3,1,0.6,0.06,0.5,0.1,800,1000,0.6
134,2026-09-27T21:13:46.619607,DASH 201,0.4062,background,background,False,8,2,37,0,0,198,182,0.8,0.7,1.0,0.0,,1.0,0.2,0.5714285714285714,1.0879120879120878,36036,0.0002220002220002,0.0,0.5,False,False,0.0,0.3,2,0.6,0.06,0.6,0.1,800,1000,0.6
135,2026-09-27T21:13:46.619681,:,0.2355,background,background,False,1,1,37,0,0,25,15,0.0,0.7,0.2,0.0,,0.01,0.6,0.0,1.6666666666666667,375,0.0026666666666666,0.0,0.5,True,False,0.99,0.3,1,0.5,0.06,0.5,0.1,800,1000,0.6
136,2026-09-27T21:13:46.619854,DON'T MAKE EYE CONTACT !,0.7599,dialogue,dialogue,False,24,5,40,0,0,286,67,1.0,1.0,1.0,0.7,,1.0,1.0,0.9,4.268656716417911,19162,0.0012524788644191,0.75,1.0,True,True,0.0,0.8875,5,1.0,0.1775,0.75,0.2,800,1000,0.6
137,2026-09-27T21:13:46.619931,W,0.3852,background,background,False,1,1,40,0,0,9,8,1.0,0.7,0.2,0.0,,1.0,0.2,1.0,1.125,72,0.0138888888888888,0.0,0.5,False,False,0.0,0.3,1,0.3,0.06,0.5,0.1,800,1000,0.6
138,2026-09-27T21:14:15.146229,St,0.4392,background,background,False,2,1,1,0,0,217,189,1.0,0.7,1.0,0.0,,1.0,0.2,1.0,1.148148148148148,41013,4.876502572355107e-05,0.0,0.5,False,False,0.0,0.3,1,0.6,0.06,0.5,0.1,800,1000,0.6
139,2026-09-27T21:14:15.146735,DING THE VILLAGERS ABSOLUTELY DETEST YOU .,0.6822,,dialogue,False,42,7,2,0,0,569,297,1.0,0.7,0.4,0.4,,1.0,1.0,0.9722222222222222,1.915824915824916,168993,0.0002485310042427,0.3333333333333333,1.8,True,True,0.0,0.7999999999999999,7,0.6,0.1599999999999999,1.0,0.36,800,1000,0.6
140,2026-09-27T21:14:15.146901,"YEAH , I GOT THAT .",0.8684,dialogue,dialogue,False,19,6,2,0,0,211,70,1.0,1.0,1.0,0.7,,1.0,1.0,0.8571428571428571,3.0142857142857142,14770,0.0012863913337846,0.75,2.775,True,True,0.0,0.96,6,1.0,0.192,1.0,0.8,800,1000,0.6
141,2026-09-27T21:14:15.147203,"BY THE WAY , JAVIER , WHY ARE YOU FOLLOWING ME ?",0.8163,dialogue,dialogue,False,48,12,3,0,0,373,107,1.0,1.0,1.0,0.7,,1.0,1.0,0.918918918918919,3.485981308411215,39911,0.0012026759539976,0.7777777777777778,2.088888888888889,True,True,0.0,0.7374999999999999,12,1.0,0.1475,0.3,0.8,800,1000,0.6
142,2026-09-27T21:14:15.147547,HIS LORDSHIP ORDERED ME TO ESCORT YOU SO THAT WHAT HAPPENED YESTERDAY DOES NOT RECUR .,0.8411,dialogue,dialogue,False,86,16,4,0,0,483,225,1.0,1.0,0.4,0.7,,1.0,1.0,0.9859154929577464,2.1466666666666665,108675,0.0007913503565677,0.6,2.14,True,True,0.0,0.7926470588235294,16,1.0,0.1585294117647058,0.9,0.8,800,1000,0.6
143,2026-09-27T21:14:15.147689,ESCORT FOR ME ?,0.8471,dialogue,dialogue,False,15,4,4,0,0,205,66,1.0,1.0,1.0,0.7,,1.0,1.0,0.9166666666666666,3.106060606060606,13530,0.0011086474501108,0.6666666666666666,2.3666666666666667,True,True,0.0,0.6888888888888888,4,1.0,0.1377777777777777,0.75,0.8,800,1000,0.6
144,2026-09-27T21:14:15.148029,"HARDLY . IT'S FOR THE VILLAGERS . I'M PROTECTING THEM FROM YOU . AH , SO I'M LIKE A GANGSTER .",0.8413,dialogue,dialogue,False,94,21,5,0,0,583,284,1.0,1.0,0.4,0.7,,1.0,1.0,0.8918918918918919,2.0528169014084505,165572,0.000567728843041,0.75,2.19375,True,True,0.0,0.8078125,21,1.0,0.1615625,0.9,0.8,800,1000,0.6
145,2026-09-27T21:14:15.148439,I GUESS THE FIRST THING I NEED TO DO IS TO GET RID OF THIS SCUMBAG IMAGE I HAVE ... THAT WAY I CAN AT LEAST GET MYSELF SOME FOOD WHEN I'M A BEGGAR .,0.8162,dialogue,dialogue,False,148,35,6,0,0,590,455,1.0,0.7,0.4,0.7,,1.0,1.0,0.981981981981982,1.2967032967032968,268450,0.0005513130936859,0.7575757575757576,2.4939393939393937,True,True,0.0,0.5841121495327103,35,1.0,0.116822429906542,0.8,0.8,800,1000,0.6
146,2026-09-27T21:14:15.148660,"NO , IF I CAN",0.7575,dialogue,dialogue,False,13,5,7,0,0,212,35,1.0,0.5,1.0,1.0,,1.0,0.6,0.8888888888888888,6.057142857142857,7420,0.0017520215633423,1.0,2.95,True,False,0.0,0.7166666666666667,5,0.5,0.1433333333333333,0.75,0.8,800,1000,0.6
147,2026-09-27T21:14:15.148947,SORT OUT MY FAMILY'S DEBT BEFORE THAT HAPPENS ...,0.7813,dialogue,dialogue,False,49,9,8,0,0,385,105,1.0,1.0,0.6,0.7,,1.0,1.0,0.9736842105263158,3.6666666666666665,40425,0.0012121212121212,0.5,1.5875,True,True,0.0,0.7657142857142857,9,1.0,0.1531428571428571,1.0,0.3175,800,459,0.6
148,2026-09-27T21:14:15.149222,... I CAN LIVE PEACEFULLY AS THE HEIR TO A COUNTRY BARON ...,0.8504,dialogue,dialogue,False,60,13,9,0,0,328,146,1.0,1.0,0.6,0.7,,1.0,1.0,1.0,2.2465753424657535,47888,0.0012529234881389,0.6363636363636364,2.4727272727272727,True,True,0.0,0.53,13,1.0,0.106,1.0,0.8,800,900,0.6
149,2026-09-27T21:14:15.149498,"... AND LIVE A SWEET , COMFORTABLE LIFE TO A RIPE OLD AGE !",0.8028,dialogue,dialogue,False,59,14,10,0,0,416,109,1.0,1.0,1.0,0.7,,1.0,1.0,0.9534883720930232,3.81651376146789,45344,0.0013011644318983,0.6363636363636364,1.9727272727272729,True,True,0.0,0.6153846153846154,14,1.0,0.123076923076923,1.0,0.3945454545454545,800,1000,0.6
150,2026-09-27T21:14:15.149791,IS THERE NO CHEAT CODE OR SKILL I CAN USE ... ? Oood DING,0.665,,dialogue,False,57,14,11,0,0,470,335,1.0,0.7,0.4,0.7,,1.0,0.6,0.975,1.4029850746268655,157450,0.00036201968879,0.5833333333333334,1.6833333333333331,True,False,0.0,0.8918918918918919,14,0.6,0.1783783783783784,1.0,0.3366666666666666,800,1000,0.6
151,2026-09-27T21:14:15.149953,00000 HUH ? SO I DO HAVE A SKILL !,0.9093,dialogue,dialogue,False,34,10,11,0,0,240,223,1.0,0.7,0.6,1.0,,1.0,1.0,0.9,1.0762331838565022,53520,0.0006352765321375,0.8571428571428571,3.057142857142857,True,True,0.0,0.45,10,1.0,0.09,1.0,1.0,800,1000,0.6
152,2026-09-27T21:14:15.150193,LLOYD'S SKILLS,0.4696,,background,False,14,2,12,0,0,362,35,1.0,0.3,1.0,0.0,,1.0,0.2,0.9230769230769232,10.342857142857143,12670,0.0011049723756906,0.0,0.5,False,False,0.0,0.54,2,1.0,0.108,0.6,0.1,800,1000,0.6
153,2026-09-27T21:14:15.150465,-HUMAN SCUM- A PASSIVE SKILL . IT CAUSES OTHERS TO FURROW THEIR BROWS .,0.7235,dialogue,dialogue,False,71,14,12,0,0,355,234,1.0,0.7,0.6,0.4,,1.0,1.0,0.9473684210526316,1.517094017094017,83070,0.0008547008547008,0.3333333333333333,1.6833333333333331,True,True,0.0,0.7153846153846154,14,1.0,0.143076923076923,1.0,0.3366666666666666,800,1000,0.6
154,2026-09-27T21:14:15.150627,-ROWDY DRUNKARD- WHEN THIS SKILL IS,0.7259,dialogue,dialogue,False,35,6,12,0,0,337,99,1.0,1.0,1.0,0.7,,1.0,0.6,0.9655172413793104,3.404040404040404,33363,0.0010490663309654,0.5,1.35,True,False,0.0,0.7461538461538461,6,1.0,0.1492307692307692,1.0,0.2699999999999999,800,1000,0.6
155,2026-09-27T21:14:15.150893,"USED , YOU BECOME AN ABSOLUTE ASS .",0.7732,dialogue,dialogue,False,35,8,13,0,0,366,70,1.0,0.7,1.0,0.7,,1.0,1.0,0.9285714285714286,5.228571428571429,25620,0.0013661202185792,0.5,1.4833333333333334,True,True,0.0,0.625,8,1.0,0.125,1.0,0.2966666666666667,800,1000,0.6
156,2026-09-27T21:14:15.151031,WAVE ?,0.7312,dialogue,background,False,6,2,13,0,0,283,131,1.0,1.0,1.0,0.0,,1.0,2.0,0.8,2.1603053435114505,37073,0.000161842850592,0.0,0.5,True,True,0.0,0.3,2,0.6,0.06,0.6,0.1,800,1000,0.6
157,2026-09-27T21:14:15.151165,WAVE,0.4392,background,background,False,4,1,13,0,0,185,117,1.0,0.7,1.0,0.0,,1.0,0.2,1.0,1.5811965811965811,21645,0.0001848001848001,0.0,0.5,False,False,0.0,0.3,1,0.6,0.06,0.5,0.1,800,1000,0.6
158,2026-09-27T21:14:15.151472,"MASTER LLOYD , WHERE ARE YOU GOING ?",0.7831,dialogue,dialogue,False,36,8,14,0,0,277,110,1.0,1.0,1.0,0.7,,1.0,1.0,0.9310344827586208,2.518181818181818,30470,0.0011814899901542,0.5,1.05,True,True,0.0,1.1840000000000002,8,1.0,0.2368,1.0,0.21,800,1000,0.6
159,2026-09-27T21:14:15.151704,HUH ?! WHAT ?,0.8382,dialogue,dialogue,False,13,4,15,0,0,119,67,1.0,0.7,1.0,1.0,,1.0,1.0,0.7,1.7761194029850746,7973,0.0016305029474476,1.0,2.2,True,True,0.0,1.48,4,0.5,0.296,0.75,0.8,800,1000,0.6
160,2026-09-27T21:14:15.151858,THE PUB IS OVER HERE,0.712,dialogue,dialogue,False,20,5,15,0,0,210,101,1.0,1.0,1.0,1.0,,1.0,0.2,1.0,2.0792079207920793,21210,0.0009429514380009,0.8,1.72,False,False,0.0,1.2785714285714285,5,1.0,0.2557142857142856,0.75,0.344,800,1000,0.6
161,2026-09-27T21:14:15.152122,WERE YOU LYING WHEN YOU SAID YOU WOULD APOLOGIZE ?,0.856,dialogue,dialogue,False,50,10,16,0,0,370,146,1.0,1.0,0.6,0.7,,1.0,1.0,0.975609756097561,2.5342465753424657,54020,0.0009255831173639,0.6666666666666666,2.0999999999999996,True,True,0.0,0.9263157894736844,10,1.0,0.1852631578947368,1.0,0.8,800,1000,0.6
162,2026-09-27T21:14:15.152323,HUH ?! NO ! NO ! I WAS THINKING ABOUT SOMETHING !,0.7908,dialogue,dialogue,False,49,12,16,0,0,285,147,1.0,0.7,1.0,0.7,,1.0,1.0,0.868421052631579,1.9387755102040816,41895,0.0011695906432748,0.75,1.8375,True,True,0.0,1.1193548387096774,12,1.0,0.2238709677419355,1.0,0.3675,800,1000,0.6
163,2026-09-27T21:14:15.152554,HM ? WHAT ? WHAT'S WRONG ?,0.784,dialogue,dialogue,False,26,7,18,0,0,257,105,1.0,1.0,1.0,0.7,,1.0,1.0,0.8,2.447619047619048,26985,0.0009634982397628,0.5,1.1,True,True,0.0,1.1428571428571428,7,1.0,0.2285714285714285,1.0,0.22,800,1000,0.6
164,2026-09-27T21:14:15.152759,WHAT ? HUH ?,0.8062,dialogue,dialogue,False,12,4,19,0,0,213,25,1.0,0.3,0.6,1.0,,1.0,1.0,0.7777777777777778,8.52,5325,0.0022535211267605,1.0,2.2,True,True,0.0,1.48,4,0.5,0.296,0.75,0.8,800,1000,0.6
165,2026-09-27T21:14:15.152872,IT'S NOTHING .,0.6957,,dialogue,False,14,3,19,0,0,230,28,1.0,0.3,1.0,0.7,,1.0,1.0,0.8333333333333334,8.214285714285714,6440,0.0021739130434782,0.5,1.3,True,True,0.0,1.725,3,0.5,0.345,0.75,0.26,800,1000,0.6
166,2026-09-27T21:14:15.153068,LET US GO IN .,0.7897,dialogue,dialogue,False,14,5,20,0,0,231,26,1.0,0.3,0.6,1.0,,1.0,1.0,0.9,8.884615384615385,6006,0.0023310023310023,1.0,2.0,True,True,0.0,0.3,5,0.5,0.06,0.75,0.8,800,1000,0.6
167,2026-09-27T21:14:15.153199,"HELLO , EXCUSE ME ! BREAK",0.5492,,dialogue,False,25,6,20,0,0,433,281,1.0,0.7,0.4,0.075,,1.0,0.6,0.9,1.5409252669039146,121673,0.0002054687564208,0.25,1.025,True,False,0.0,0.73125,6,0.6,0.14625,1.0,0.205,800,1000,0.6
168,2026-09-27T21:14:15.153460,SOMETHING HAS SEEMED OFF SINCE LAST NIGHT ...,0.7152,dialogue,dialogue,False,45,8,22,0,0,389,108,1.0,1.0,1.0,0.4,,1.0,1.0,1.0,3.6018518518518516,42012,0.0010711225364181,0.4285714285714285,0.5,True,True,0.0,0.7272727272727273,8,1.0,0.1454545454545454,1.0,0.1,800,1000,0.6
169,2026-09-27T21:14:15.153684,IT'S AS IF ... HE IS A COMPLETELY DIFFERENT PERSON ...,0.8819,dialogue,dialogue,False,54,11,23,0,0,379,218,1.0,0.7,0.6,1.0,,1.0,1.0,0.9736842105263158,1.738532110091743,82622,0.0006535789499164,0.8888888888888888,2.0999999999999996,True,True,0.0,0.6371428571428571,11,1.0,0.1274285714285714,1.0,0.8,800,1000,0.6
170,2026-09-27T21:14:15.153938,FORGIVE ME ! EVERYTHING THAT HAPPENED LAST NIGHT WAS MY FAULT !,0.7628,dialogue,dialogue,False,63,12,26,0,0,299,185,1.0,0.7,0.6,0.7,,1.0,1.0,0.9615384615384616,1.616216216216216,55315,0.0011389315737141,0.5,1.35,True,True,0.0,1.025,12,1.0,0.205,1.0,0.27,800,1000,0.6
171,2026-09-27T21:14:15.154193,THE PUB OWNER HAS ASSUMED THE POSITION OF EXTREME HIGH ALERT .,0.7375,dialogue,dialogue,False,62,12,28,0,0,372,149,1.0,1.0,0.6,0.4,,1.0,1.0,0.9803921568627452,2.496644295302014,55428,0.0011185682326621,0.4545454545454545,1.6909090909090911,True,True,0.0,0.6270833333333333,12,1.0,0.1254166666666666,1.0,0.3381818181818182,800,1000,0.6
172,2026-09-27T21:14:15.154453,"M - MASTER LLOYD ... PLEASE , I BEG YOU . DO NOT DO THIS .",0.8092,dialogue,dialogue,False,58,16,29,0,0,333,106,1.0,1.0,1.0,0.7,,1.0,1.0,0.9230769230769232,3.141509433962264,35298,0.0016431525865488,0.6363636363636364,2.4545454545454546,True,True,0.0,0.7970588235294117,16,0.5,0.1594117647058823,0.9,0.8,800,1000,0.6
173,2026-09-27T21:14:15.154625,2 し,0.3712,background,background,False,3,2,29,0,0,111,112,0.8,0.3,1.0,0.0,,0.5,0.2,0.5,0.9910714285714286,12432,0.0002413127413127,0.0,0.5,False,False,0.5,0.3,2,0.6,0.06,0.6,0.1,800,1000,0.6
174,2026-09-27T21:14:15.154774,"OH , IS THAT",0.7843,dialogue,dialogue,False,12,4,29,0,0,197,33,1.0,0.7,1.0,1.0,,1.0,0.6,0.8888888888888888,5.96969696969697,6501,0.0018458698661744,1.0,2.433333333333333,True,False,0.0,1.9166666666666667,4,0.5,0.3833333333333333,0.75,0.8,800,1000,0.6
175,2026-09-27T21:14:15.155091,WHAT'S HAPPENING ? HE'S EVEN MORE TERRIFIED BECAUSE THIS SCUMBAG IS SUDDENLY BEING POLITE ?,0.758,dialogue,dialogue,False,91,15,30,0,0,463,183,1.0,1.0,0.6,0.7,,1.0,1.0,0.948051948051948,2.530054644808743,84729,0.0010740124396605,0.6153846153846154,0.8461538461538461,True,True,0.0,0.6859154929577465,15,1.0,0.1371830985915492,1.0,0.1692307692307692,800,1000,0.6
176,2026-09-27T21:14:15.155236,THEN I'LL BE A LITTLE RUDER .,0.8941,dialogue,dialogue,False,29,7,30,0,0,200,106,1.0,0.7,1.0,1.0,,1.0,1.0,0.9130434782608696,1.8867924528301887,21200,0.0013679245283018,0.8333333333333334,2.1666666666666665,True,True,0.0,0.6473684210526316,7,1.0,0.1294736842105263,1.0,0.8,800,1000,0.6
177,2026-09-27T21:14:15.155365,"WELL , I GUESS I'M SORRY .",0.8277,dialogue,dialogue,False,26,7,30,0,0,207,107,1.0,0.7,1.0,1.0,,1.0,1.0,0.85,1.9345794392523368,22149,0.001173867894713,0.8,1.8,True,True,0.0,0.6199999999999999,7,1.0,0.1239999999999999,1.0,0.36,800,1000,0.6
178,2026-09-27T21:14:15.155569,SW,0.4392,background,background,False,2,1,31,0,0,82,65,1.0,0.7,1.0,0.0,,1.0,0.2,1.0,1.2615384615384615,5330,0.0003752345215759,0.0,0.5,False,False,0.0,0.3,1,0.6,0.06,0.5,0.1,800,812,0.6
179,2026-09-27T21:14:15.155808,"YOUR APOLOGY DOES NOT SEEM VERY GENUINE . COME ON , WHAT AM I SUPPOSED TO DO ?!",0.829,dialogue,dialogue,False,79,18,31,0,0,561,307,1.0,0.7,0.4,1.0,,1.0,1.0,0.935483870967742,1.8273615635179152,172227,0.000458696952278,0.8,2.086666666666667,True,True,0.0,0.6428571428571429,18,0.6,0.1285714285714286,0.9,0.8,800,812,0.6
180,2026-09-27T21:14:15.156185,I - IT'S FINE ... YOU DON'T HAVE TO APOLOGIZE ...,0.8976,dialogue,dialogue,False,49,11,32,0,0,490,186,1.0,1.0,0.6,1.0,,1.0,1.0,0.9375,2.6344086021505375,91140,0.0005376344086021,0.875,2.5625,True,True,0.0,0.6857142857142857,11,1.0,0.1371428571428571,1.0,0.8,800,1000,0.6
181,2026-09-27T21:14:15.156664,"EVEN WHEN I APOLOGIZED , HE DIDN'T SEEM ALL THAT HAPPY ...",0.8945,dialogue,dialogue,False,58,12,36,0,0,289,147,1.0,0.7,1.0,1.0,,1.0,1.0,0.9545454545454546,1.965986394557823,42483,0.0013652519831461,0.8,2.17,True,True,0.0,0.6775,12,1.0,0.1355,1.0,0.8,800,1000,0.6
182,2026-09-27T21:14:15.156835,THAT'S TO BE EXPECTED .,0.8026,dialogue,dialogue,False,23,5,36,0,0,225,65,1.0,1.0,1.0,0.7,,1.0,1.0,0.8947368421052632,3.4615384615384617,14625,0.0015726495726495,0.75,2.625,True,True,0.0,1.0799999999999998,5,0.5,0.2159999999999999,0.75,0.8,800,1000,0.6
183,2026-09-27T21:14:15.157222,"EVERYTHING YOU DESTROYED YESTERDAY , HIS FURNITURE AND DECORATIONS ... THEY WERE ALL PURCHASED WITH THE PUB OWNER'S HARD - EARNED MONEY .",0.7304,dialogue,dialogue,False,137,23,37,0,0,689,341,1.0,1.0,0.4,0.4,,1.0,1.0,0.972972972972973,2.0205278592375366,234949,0.0005831052696542,0.4210526315789473,1.7421052631578948,True,True,0.0,0.9367924528301886,23,1.0,0.1873584905660377,0.9,0.3484210526315789,800,1000,0.6
184,2026-09-27T21:14:15.157526,HE LIKELY WON'T BE SATISFIED UNTIL HE IS COMPENSATED .,0.7941,dialogue,dialogue,False,54,10,38,0,0,372,107,1.0,1.0,1.0,0.7,,1.0,1.0,0.9555555555555556,3.4766355140186915,39804,0.0013566475731082,0.6666666666666666,1.711111111111111,True,True,0.0,0.5512195121951219,10,1.0,0.1102439024390243,1.0,0.3422222222222222,800,1000,0.6
185,2026-09-27T21:14:15.157701,COMPENSATING HIM WHEN WE HAVE SO MUCH DEBT ... 00000,0.7122,dialogue,dialogue,False,52,10,38,0,0,342,253,1.0,0.7,0.6,0.7,,1.0,0.6,0.945945945945946,1.3517786561264822,86526,0.0006009754293507,0.6666666666666666,1.911111111111111,True,False,0.0,0.4939393939393939,10,1.0,0.0987878787878787,1.0,0.3822222222222222,800,1000,0.6
186,2026-09-27T21:14:15.157974,... IS IT SO HARD TO GET BROWNIE POINTS WITH THE VILLAGERS ?,0.8641,dialogue,dialogue,False,60,13,39,0,0,298,145,1.0,1.0,1.0,0.7,,1.0,1.0,0.9777777777777776,2.0551724137931036,43210,0.0013885674612358,0.6363636363636364,2.3363636363636364,True,True,0.0,0.6476190476190476,13,1.0,0.1295238095238095,1.0,0.8,800,1000,0.6
187,2026-09-27T21:14:15.158157,"SO IF WE DON'T REPAY THE DEBT , NOTHING IS GOING TO CHANGE",0.7152,dialogue,dialogue,False,58,13,39,0,0,291,174,1.0,0.7,0.6,0.7,,1.0,0.6,0.9565217391304348,1.6724137931034482,50634,0.0011454753722794,0.6666666666666666,1.8333333333333333,True,False,0.0,0.8690476190476191,13,1.0,0.1738095238095238,1.0,0.3666666666666666,800,1000,0.6
188,2026-09-27T21:14:15.158367,BUT HOW ?,0.7997,dialogue,dialogue,False,9,3,40,0,0,174,25,1.0,0.5,0.6,1.0,,1.0,1.0,0.8571428571428571,6.96,4350,0.0020689655172413,1.0,2.8,True,True,0.0,0.3,3,0.5,0.06,0.75,0.8,800,1000,0.6
189,2026-09-27T21:14:15.158573,"NOT ONLY THAT , THE PUB OWNER'S MOTHER IS SICK AFTER THE",0.7978,dialogue,dialogue,False,56,12,40,0,0,534,174,1.0,1.0,0.6,0.7,,1.0,0.6,0.9555555555555556,3.068965517241379,92916,0.000602694907228,0.6363636363636364,2.2636363636363637,True,False,0.0,1.0585365853658537,12,1.0,0.2117073170731707,1.0,0.8,800,1000,0.6
190,2026-09-27T21:14:48.278956,LATE WINTER COLD .,0.6392,,dialogue,False,18,4,0,0,0,217,67,1.0,1.0,1.0,0.0,,1.0,1.0,0.9333333333333332,3.2388059701492535,14539,0.0012380493844143,0.0,0.5,True,True,0.0,0.8333333333333334,4,1.0,0.1666666666666666,0.75,0.1,800,1000,0.6
191,2026-09-27T21:14:48.279203,"COMBINE THAT WITH YOUR MISCONDUCT , AND YOU CAN IMAGINE JUST HOW HARD THINGS MUST BE FOR HIM .",0.8344,dialogue,dialogue,False,94,19,0,0,0,416,228,1.0,0.7,0.6,0.7,,1.0,1.0,0.9736842105263158,1.824561403508772,94848,0.0009910593792172,0.7058823529411765,2.347058823529412,True,True,0.0,0.9583333333333334,19,1.0,0.1916666666666666,0.9,0.8,800,1000,0.6
192,2026-09-27T21:14:48.279551,THE INSIDE OF THE PUB WAS RATHER CHILLY .,0.8539,dialogue,dialogue,False,41,9,1,0,0,211,146,1.0,0.7,1.0,0.7,,1.0,1.0,0.9696969696969696,1.4452054794520548,30806,0.0013309095630721,0.5,2.1375,True,True,0.0,0.9933333333333334,9,1.0,0.1986666666666666,1.0,0.8,800,1000,0.6
193,2026-09-27T21:14:48.279740,A SINGLE FIREPLACE ISN'T ENOUGH TO HEAT AN ENTIRE BUILDING ...,0.7188,dialogue,dialogue,False,62,11,1,0,0,296,185,1.0,0.7,0.6,0.4,,1.0,1.0,0.979591836734694,1.6,54760,0.0011322132943754,0.4,1.58,True,True,0.0,0.6021739130434782,11,1.0,0.1204347826086956,1.0,0.316,800,1000,0.6
194,2026-09-27T21:14:48.280013,THE ELDERLY CAN'T HANDLE THAT KIND OF COLD FOR VERY LONG .,0.7943,dialogue,dialogue,False,58,12,2,0,0,339,145,1.0,1.0,0.6,0.7,,1.0,1.0,0.9574468085106383,2.337931034482758,49155,0.0011799410029498,0.6363636363636364,1.945454545454545,True,True,0.0,0.9255813953488372,12,1.0,0.1851162790697674,1.0,0.389090909090909,800,1000,0.6
195,2026-09-27T21:14:48.280225,STEP,0.4392,background,background,False,4,1,3,0,0,191,115,1.0,0.7,1.0,0.0,,1.0,0.2,1.0,1.6608695652173913,21965,0.0001821078989301,0.0,0.5,False,False,0.0,0.3,1,0.6,0.06,0.5,0.1,800,1000,0.6
196,2026-09-27T21:14:48.280408,STEP UNLESS THEY HAVE ONDOL FLOORS ...,0.6787,,dialogue,False,38,7,3,0,0,347,271,1.0,0.7,0.6,0.4,,1.0,1.0,1.0,1.2804428044280445,94037,0.0004040962599827,0.3333333333333333,1.6,True,True,0.0,0.5481481481481482,7,0.6,0.1096296296296296,1.0,0.3199999999999999,800,1000,0.6
197,2026-09-27T21:14:48.280630,リッツザ,0.136,background,background,False,4,1,4,0,0,56,11,0.0,0.7,0.2,0.0,,1.0,0.0,1.0,5.090909090909091,616,0.0064935064935064,0.0,0.5,False,False,0.0,0.3,1,0.3,0.0,0.5,0.0,800,1000,0.6
198,2026-09-27T21:14:48.280760,PAUSE,0.4495,background,background,False,5,1,4,0,0,217,112,1.0,0.7,1.0,0.0,,1.0,0.2,1.0,1.9375,24304,0.0002057274522712,0.0,0.5,False,False,0.0,1.0333333333333334,1,0.6,0.2066666666666667,0.5,0.1,800,1000,0.6
199,2026-09-27T21:14:48.280939,0,0.2525,background,background,False,1,1,6,0,0,54,36,0.0,0.7,0.2,0.0,,0.91,0.2,0.0,1.5,1944,0.000514403292181,0.0,0.5,False,False,0.09,0.3,1,1.0,0.06,0.5,0.1,800,1000,0.6
200,2026-09-27T21:14:48.281264,FLICKER,0.4272,background,background,False,7,1,8,0,0,303,159,1.0,0.7,0.6,0.0,,1.0,0.2,1.0,1.9056603773584904,48177,0.0001452975486227,0.0,0.5,False,False,0.0,0.3,1,0.6,0.06,0.5,0.1,800,1000,0.6
201,2026-09-27T21:14:48.281462,I'VE GOT IT .,0.6815,,dialogue,False,13,4,9,0,0,203,23,1.0,0.3,0.6,0.7,,1.0,1.0,0.8,8.826086956521738,4669,0.0027843221246519,0.6666666666666666,1.7,True,True,0.0,0.7166666666666667,4,0.5,0.1433333333333333,0.75,0.3399999999999999,800,1000,0.6
202,2026-09-27T21:14:48.281651,IT'S ...,0.9522,dialogue,dialogue,False,8,2,10,0,0,88,25,1.0,1.0,0.2,1.0,,1.0,2.0,0.75,3.52,2200,0.0036363636363636,1.0,2.1,True,True,0.0,0.3,2,0.5,0.06,0.6,0.8,800,1000,0.6
203,2026-09-27T21:14:48.281772,воот,0.19,background,background,False,4,1,10,0,0,270,175,0.0,0.7,1.0,0.0,,1.0,0.0,1.0,1.542857142857143,47250,8.465608465608466e-05,0.0,0.5,False,False,0.0,0.3,1,0.6,0.0,0.5,0.0,800,1000,0.6
204,2026-09-27T21:14:48.281915,водоот,0.19,background,background,False,6,1,10,0,0,272,156,0.0,0.7,1.0,0.0,,1.0,0.0,1.0,1.7435897435897436,42432,0.0001414027149321,0.0,0.5,False,False,0.0,0.3,1,0.6,0.0,0.5,0.0,800,1000,0.6
205,2026-09-27T21:14:48.282041,... IT'S LIKE ...,0.7897,dialogue,dialogue,False,17,4,10,0,0,203,25,1.0,0.3,0.6,1.0,,1.0,1.0,0.875,8.12,5075,0.0033497536945812,1.0,2.3,True,True,0.0,0.3,4,0.5,0.06,0.75,0.8,800,1000,0.6
206,2026-09-27T21:14:48.282205,JOLT,0.4212,background,background,False,4,1,11,0,0,660,446,1.0,0.7,0.4,0.0,,1.0,0.2,1.0,1.4798206278026906,294360,1.3588802826470989e-05,0.0,0.5,False,False,0.0,0.3,1,0.6,0.06,0.5,0.1,800,1000,0.6
207,2026-09-27T21:14:48.282430,... A LIGHTBULB I WENT OFF IN MY HEAD !,0.8626,dialogue,dialogue,False,39,10,14,0,0,296,106,1.0,1.0,1.0,0.7,,1.0,1.0,0.9629629629629628,2.792452830188679,31376,0.0012429882712901,0.625,2.275,True,True,0.0,0.5458333333333333,10,1.0,0.1091666666666666,1.0,0.8,800,1000,0.6
208,2026-09-27T21:14:48.282596,ZOOM,0.5772,,background,False,4,1,16,0,0,373,212,1.0,0.7,0.6,1.0,,1.0,0.2,1.0,1.759433962264151,79076,5.0584248065152515e-05,1.0,0.5,False,False,0.0,0.3,1,0.6,0.06,0.5,0.1,800,1000,0.6
209,2026-09-27T21:14:48.282781,ZOOM,0.6042,,background,False,4,1,17,0,0,368,128,1.0,1.0,1.0,1.0,,1.0,0.2,1.0,2.875,47104,8.491847826086956e-05,1.0,0.5,False,False,0.0,0.3,1,0.6,0.06,0.5,0.1,800,1000,0.6
210,2026-09-27T21:14:48.282943,ZOOM,0.5772,,background,False,4,1,18,0,0,376,229,1.0,0.7,0.6,1.0,,1.0,0.2,1.0,1.6419213973799127,86104,4.6455449224194e-05,1.0,0.5,False,False,0.0,0.3,1,0.6,0.06,0.5,0.1,800,1000,0.6
211,2026-09-27T21:14:48.283166,THERE ARE NO ONDOL FLOORS HERE !,0.7893,dialogue,dialogue,False,32,7,19,0,0,258,107,1.0,1.0,1.0,0.7,,1.0,1.0,0.9615384615384616,2.411214953271028,27606,0.001159168296747,0.6666666666666666,1.2166666666666666,True,True,0.0,1.2739130434782608,7,1.0,0.2547826086956521,1.0,0.2433333333333333,800,1000,0.6
212,2026-09-27T21:14:48.283248,3 14,0.2865,background,background,False,4,2,19,0,0,133,35,0.0,1.0,0.6,0.0,,0.91,0.2,0.0,3.8,4655,0.0008592910848549,0.0,0.5,False,False,0.09,0.3,2,1.0,0.06,0.6,0.1,800,1000,0.6
213,2026-09-27T21:14:48.283413,6,0.1825,background,background,False,1,1,20,0,0,12,24,0.0,0.3,0.2,0.0,,0.91,0.2,0.0,0.5,288,0.0034722222222222,0.0,0.5,False,False,0.09,0.3,1,0.5,0.06,0.5,0.1,800,1000,0.6
214,2026-09-27T21:14:48.283624,IF I BUILD THEM IN THIS WORLD ...,0.9108,dialogue,dialogue,False,33,8,21,0,0,226,105,1.0,1.0,1.0,1.0,,1.0,1.0,1.0,2.1523809523809523,23730,0.0013906447534766,1.0,2.585714285714286,True,True,0.0,0.7714285714285714,8,1.0,0.1542857142857142,1.0,0.8,800,1000,0.6
215,2026-09-27T21:14:48.283810,... THEY WOULD DEFINITELY SELL !,0.7506,dialogue,dialogue,False,32,6,22,0,0,282,67,1.0,1.0,1.0,0.7,,1.0,1.0,0.9583333333333334,4.208955223880597,18894,0.0016936593627606,0.75,1.85,True,True,0.0,0.719047619047619,6,0.5,0.1438095238095238,1.0,0.37,800,1000,0.6
216,2026-09-27T21:14:48.284034,THE HOOLIGAN LLOYD FRONTERA COULD NEVER DREAM OF THIS STUFF !,0.8026,dialogue,dialogue,False,61,11,23,0,0,422,109,1.0,1.0,1.0,0.7,,1.0,1.0,0.9803921568627452,3.871559633027523,45998,0.0013261446149832,0.5,1.85,True,True,0.0,0.8666666666666667,11,1.0,0.1733333333333333,1.0,0.37,800,1000,0.6
217,2026-09-27T21:14:48.284226,"BUT THE REAL ME , SUHO KIM , CAN !",0.8702,dialogue,dialogue,False,34,10,24,0,0,259,109,1.0,1.0,1.0,0.7,,1.0,1.0,0.88,2.376146788990826,28231,0.001204349828203,0.5714285714285714,2.1714285714285713,True,True,0.0,1.085,10,1.0,0.217,1.0,0.8,800,1000,0.6
218,2026-09-27T21:14:48.284425,IN SCHOOL I MAJORED IN CIVIL ENGINEERING !,0.816,dialogue,dialogue,False,42,8,26,0,0,339,107,1.0,1.0,1.0,0.4,,1.0,1.0,0.9714285714285714,3.1682242990654204,36273,0.001157886030932,0.4285714285714285,2.142857142857143,True,True,0.0,0.425,8,1.0,0.0849999999999999,1.0,0.8,800,1000,0.6
219,2026-09-27T21:14:48.285171,각 한다 20 . 이것을 그 두 사이 에 제 1 면적 모두 벤트 -S Mrdr 탄성 곡선 TA BB ' 라 위 의 임의 El 6 ) B 점 에 하면 이 의 두점 한다 . 관한 면적 모두 거리 멘트 BB 를 ' El 는 로 두 A 나눈 와 점 B AB 값 에서 과 사이 같다 그은 에 . 있는 이것을 두 접선 금힘 이 모우 B 점 벤트 밑에서 선도 ( 의 935 만나는 전면적 ) 점 을 제 2 면적 모멘트 법 이라고 2445 단순 분포 30 보 는 외 2445 . and [ 그림 9.16 ] B 절 중하 중 을 받는 굴림 모멘트 신도 면적 과 도심 모델 므로 외팔보 인한 최대 작용 처짐 처짐 하는 은 시 ( 8 ) 중앙 단면 등분 - ( 9 ) ( 1 [ 그림 포 하중 - ) 에서 2.19 으로 발생 함 . E 일본 인한,0.233,background,background,False,406,153,27,0,0,681,595,0.0,0.7,0.4,0.0,,1.0,0.0,0.8564814814814815,1.1445378151260504,405195,0.0010019866977628,0.0165289256198347,0.5661157024793388,True,False,0.0,0.4624999999999999,153,1.0,0.0,0.8,0.0,800,1000,0.6
220,2026-09-27T21:14:48.285395,"DURING MY TIME AS A MILITARY ENGINEER IN THE ARMY , I CONSTRUCTED A HOUSE ALL BY MYSELF !",0.8453,dialogue,dialogue,False,89,19,27,0,0,430,186,1.0,1.0,0.6,0.7,,1.0,1.0,0.971830985915493,2.3118279569892475,79980,0.0011127781945486,0.6470588235294118,2.4705882352941178,True,True,0.0,0.6611940298507463,19,1.0,0.1322388059701492,0.9,0.8,800,1000,0.6
221,2026-09-27T21:14:48.285630,"I'VE WORKED DAY AND NIGHT WORKING AT CONSTRUCTION SITES , TOO !",0.7723,dialogue,dialogue,False,63,12,28,0,0,426,145,1.0,1.0,0.6,0.7,,1.0,1.0,0.9423076923076924,2.9379310344827587,61770,0.0010199125789218,0.5,1.22,True,True,0.0,0.9106382978723404,12,1.0,0.182127659574468,1.0,0.244,800,1000,0.6
222,2026-09-27T21:14:48.285866,"THIS IS IT ! WITH THIS , I CAN SETTLE ALL OF THE BARON'S DEBTS !",0.8497,dialogue,dialogue,False,64,16,30,0,0,401,145,1.0,1.0,0.6,0.7,,1.0,1.0,0.9183673469387756,2.7655172413793103,58145,0.0011006965345257,0.7692307692307693,2.8076923076923075,True,True,0.0,0.9767441860465116,16,1.0,0.1953488372093023,0.9,0.8,800,1000,0.6
223,2026-09-27T21:14:48.286077,JAVIER ! LET'S GO BACK TO THE PUB !,0.8129,dialogue,dialogue,False,35,9,32,0,0,301,105,1.0,1.0,1.0,0.7,,1.0,1.0,0.8888888888888888,2.8666666666666667,31605,0.0011074197120708,0.5714285714285714,2.257142857142857,True,True,0.0,0.4909090909090908,9,1.0,0.0981818181818181,0.3,0.8,800,1000,0.6
224,2026-09-27T21:14:48.286175,MA,0.3852,background,background,False,2,1,32,0,0,20,15,1.0,0.7,0.2,0.0,,1.0,0.2,1.0,1.3333333333333333,300,0.0066666666666666,0.0,0.5,False,False,0.0,0.3,1,0.3,0.06,0.5,0.1,800,1000,0.6
225,2026-09-27T21:14:48.286296,AND WHY IS THAT ?,0.8514,dialogue,dialogue,False,17,5,32,0,0,161,65,1.0,1.0,1.0,1.0,,1.0,1.0,0.9230769230769232,2.476923076923077,10465,0.0016244624940277,1.0,2.45,True,True,0.0,1.35,5,0.5,0.27,0.75,0.8,800,1000,0.6
226,2026-09-27T21:14:48.286444,Tr,0.4202,background,background,False,2,1,33,0,0,42,21,1.0,1.0,0.2,0.0,,1.0,0.2,1.0,2.0,882,0.0022675736961451,0.0,0.5,False,False,0.0,0.3,1,0.5,0.06,0.5,0.1,800,1000,0.6
227,2026-09-27T21:14:48.286563,STRIDE STRIDE,0.4282,background,background,False,13,2,33,0,0,706,442,1.0,0.7,0.4,0.0,,1.0,0.2,1.0,1.5972850678733033,312052,4.165972337943677e-05,0.0,0.5,False,False,0.0,0.3,2,0.6,0.06,0.6,0.1,800,1000,0.6
228,2026-09-27T21:14:48.286746,TO GET MY FIRST ORDER !,0.9042,dialogue,dialogue,False,23,6,34,0,0,304,92,1.0,1.0,1.0,1.0,,1.0,1.0,0.9444444444444444,3.3043478260869565,27968,0.0008223684210526,0.8,2.58,True,True,0.0,0.3,6,1.0,0.06,1.0,0.8,800,1000,0.6
229,2026-09-27T21:14:48.286902,DENG,0.4272,background,background,False,4,1,35,0,0,289,174,1.0,0.7,0.6,0.0,,1.0,0.2,1.0,1.660919540229885,50286,7.954500258521259e-05,0.0,0.5,False,False,0.0,0.3,1,0.6,0.06,0.5,0.1,800,1000,0.6
230,2026-09-27T21:14:48.287090,NOTIFICATION,0.4729,,background,False,12,1,36,0,0,300,33,1.0,0.3,1.0,0.0,,1.0,0.2,1.0,9.090909090909092,9900,0.0012121212121212,0.0,0.5,False,False,0.0,1.2799999999999998,1,1.0,0.2559999999999999,0.5,0.1,800,1000,0.6
231,2026-09-27T21:14:48.287229,YOUR TRUE JOURNEY HAS BEGUN ! DONG,0.5908,,dialogue,False,34,7,36,0,0,508,319,1.0,0.7,0.4,0.4,,1.0,0.6,0.9642857142857144,1.5924764890282133,162052,0.0002098091970478,0.3333333333333333,0.7999999999999999,True,False,0.0,0.7,7,0.6,0.1399999999999999,1.0,0.1599999999999999,800,1000,0.6
232,2026-09-27T21:14:48.287383,DING RP SYSTEM HAS BEEN ACTIVATED . ( RP = RELATIONSHIP,0.5344,,dialogue,False,55,11,36,0,0,471,306,1.0,0.7,0.4,0.075,,1.0,0.6,0.9767441860465116,1.53921568627451,144126,0.0003816105352261,0.25,0.5,True,False,0.0,0.7975,11,0.6,0.1595,1.0,0.1,800,1000,0.6
233,2026-09-27T21:14:48.287567,POINTS ),0.4392,background,dialogue,False,8,2,37,0,0,132,32,1.0,1.0,0.6,0.0,,1.0,0.2,0.8571428571428571,4.125,4224,0.0018939393939393,0.0,0.5,False,False,0.0,0.3,2,0.5,0.06,0.6,0.1,800,1000,0.6
234,2026-09-27T21:14:48.287735,YOU CAN EARN RP BY IMPROVING RELATIONSHIPS WITH KEY CHARACTERS . DONG,0.6172,,dialogue,False,69,12,37,0,0,502,377,1.0,0.7,0.4,0.4,,1.0,0.6,0.9827586206896552,1.3315649867374004,189254,0.0003645893878068,0.3636363636363636,1.5636363636363635,True,False,0.0,0.9527272727272728,12,0.6,0.1905454545454545,1.0,0.3127272727272727,800,1000,0.6
235,2026-09-27T21:14:48.287838,DING CURRENT RP 0 TOTAL,0.4453,background,background,False,23,5,37,0,0,413,259,1.0,0.7,0.4,0.0,,1.0,0.2,0.9473684210526316,1.5945945945945943,106967,0.0002150195854796,0.0,0.5,False,False,0.0,0.7687499999999999,5,0.6,0.15375,0.75,0.1,800,1000,0.6
236,2026-09-27T21:14:48.288104,MOTADIRION ПОЛВИЕН BEGлi ДВПЕ HV2 ЛОПЬ BEEM HH2 OSTAVITOA B62121EW CAM LORI,0.4835,,background,False,75,12,39,0,0,184,425,1.0,0.3,0.6,0.0,,1.0,0.2,1.0,0.4329411764705882,78200,0.0009590792838874,0.0,0.5,False,False,0.0,0.3948717948717948,12,1.0,0.0789743589743589,1.0,0.1,800,1000,0.6
237,2026-09-27T21:14:48.288226,TO BE CONTINUED .,0.7932,dialogue,background,False,17,4,39,0,0,306,26,1.0,0.3,1.0,0.7,,1.0,1.0,0.9285714285714286,11.76923076923077,7956,0.0021367521367521,0.6666666666666666,3.3333333333333335,True,True,0.0,0.7636363636363637,4,0.5,0.1527272727272727,0.75,1.0,800,1000,0.6
238,2026-09-27T21:14:48.288412,Assistance by : Jini Hyeonseok Noh JQ COMICS,0.5797,,background,False,44,8,40,0,0,309,159,1.0,0.7,0.4,0.0428571428571428,,1.0,0.6,0.972972972972973,1.9433962264150944,49131,0.0008955649182797,0.1428571428571428,0.9285714285714286,True,False,0.0,0.6,8,1.0,0.12,1.0,0.1857142857142857,800,315,0.6
